"Id","Genotype"
"BESC-006","0/0:0,-7.03,-145.95:50:70:22:0"
"BESC-014","0/0:0,-8.53,-164.04:16:85:23:0"
"BESC-015","0/0:0,-24.79,-70.84:0:99:10:0"
"BESC-019","0/0:0,-7.33,-154.25:33:73:22:0"
"BESC-039","0/0:0,-54.4,-173.34:0:99:28:0"
"BESC-042","0/0:0,-24.79,-300:17:99:72:0"
"BESC-062","0/0:0,-18.56,-103.44:34:99:16:0"
"BESC-073","0/0:0,-16.96,-300:20:99:50:0"
"BESC-080","0/0:0,-22.08,-300:38:99:69:0"
"BESC-087","0/0:0,-4.92,-97.05:16:49:14:0"
"BESC-088","0/0:0,-4.62,-55.15:15:46:12:0"
"BESC-091","0/0:0,-15.51,-66.34:3:99:16:0"
"BESC-092","0/0:0,-15.01,-54.14:0:99:13:0"
"BESC-093","0/0:0,-10.94,-131.95:16:99:32:0"
"BESC-099","0/0:0,-4.32,-48.65:1:43:10:0"
"BESC-102","0/0:0,-14.25,-300:6:99:46:0"
"BESC-103","0/0:0,-10.34,-213.75:30:99:31:0"
"BESC-104","0/0:0,-28.51,-79.24:1:99:18:0"
"BESC-105","0/0:0,-15.15,-257.46:30:99:40:0"
"BESC-106","0/0:0,-7.63,-96.84:16:76:23:0"
"BESC-108","0/0:0,-5.82,-67.15:0:58:16:0"
"BESC-109","0/0:0,-31.2,-78.24:1:99:20:0"
"BESC-110","0/0:0,-4.62,-56.65:1:46:13:0"
"BESC-121","0/0:0,-5.82,-75.95:16:58:17:0"
"BESC-123","0/0:0,-7.03,-78.25:11:70:19:0"
"BESC-126","0/0:0,-4.32,-55.65:2:43:13:0"
"BESC-127","0/0:0,-20.45,-55.44:4:99:13:0"
"BESC-128","0/0:0,-6.43,-81.55:7:64:20:0"
"BESC-129","1/0:-166.08,0,-117.52:19:99:45:28"
"BESC-131","1/0:-5.98,0,-32.03:1:60:10:2"
"BESC-141","0/0:0,-12.45,-148.56:1:99:36:0"
"BESC-142","0/0:0,-66.18,-165.04:1:99:44:0"
"BESC-143","0/0:0,-7.33,-86.84:25:73:22:0"
"BESC-144","0/0:0,-20.38,-64.24:2:99:17:0"
"BESC-146","0/0:0,-30.21,-100.64:0:99:26:0"
"BESC-148","0/0:0,-5.22,-61.25:21:52:14:0"
"BESC-149","./.:0,-3.72,-42.55:9:37:8:0"
"BESC-151","0/0:0,-6.12,-72.55:18:61:17:0"
"BESC-152","0/0:0,-237.32,-300:24:99:88:0"
"BESC-153","0/0:0,-5.82,-72.75:14:58:17:0"
"BESC-156","0/0:0,-4.92,-60.84:12:49:14:0"
"BESC-158","./.:0,-3.42,-33.84:19:34:7:0"
"BESC-159","0/0:0,-28.69,-69.34:10:99:19:0"
"BESC-160","0/0:0,-11.58,-55.34:2:99:13:0"
"BESC-161","0/0:0,-18.47,-68.94:17:99:17:0"
"BESC-163","0/0:0,-110.5,-292.64:0:99:47:0"
"BESC-164","0/0:0,-5.22,-68.35:9:52:16:0"
"BESC-165","0/0:0,-5.22,-68.35:3:52:15:0"
"BESC-167","0/0:0,-20.98,-67.34:15:99:17:0"
"BESC-168","0/0:0,-6.12,-81.35:14:61:19:0"
"BESC-171","0/0:0,-19.91,-61.54:8:99:15:0"
"BESC-177","0/0:0,-3.63,-43.73:8:36:12:0"
"BESC-178","0/0:0,-16.41,-67.04:10:99:16:0"
"BESC-180","0/0:0,-11.24,-132.01:7:99:34:0"
"BESC-181","1/0:-33.58,0,-34.13:9:99:16:9"
"BESC-185","0/0:0,-7.63,-89.04:9:76:20:0"
"BESC-187","0/0:0,-24.07,-61.94:3:99:15:0"
"BESC-188","0/0:0,-6.73,-79.95:5:67:19:0"
"BESC-191","0/0:0,-17.58,-55.04:12:99:13:0"
"BESC-192","0/0:0,-5.43,-65.63:3:54:18:0"
"BESC-196","0/0:0,-13.95,-267.76:25:99:41:0"
"BESC-197","0/0:0,-4.62,-56.35:18:46:12:0"
"BESC-198","0/0:0,-5.82,-76.35:27:58:17:0"
"BESC-200","0/0:0,-13.71,-60.22:5:99:15:0"
"BESC-202","./.:0,-8.21,-32.21:2:82:7:0"
"BESC-203","1/0:-33.2,0,-25.45:9:99:15:9"
"BESC-204","0/0:0,-7.33,-92.65:3:73:22:0"
"BESC-206","0/0:0,-6.12,-78.45:25:61:19:0"
"BESC-212","0/0:0,-6.43,-83.85:0:64:19:0"
"BESC-214","./.:0,-11.8,-36.53:3:99:8:0"
"BESC-215","0/0:0,-25.94,-90.44:10:99:24:0"
"BESC-216","0/0:0,-45.8,-107.34:15:99:27:0"
"BESC-217","1/0:-28.88,0,-27.73:14:99:14:8"
"BESC-219","./.:0,-1.33,-15.54:7:14:4:0"
"BESC-221","0/0:0,-10.94,-130.04:24:99:34:0"
"BESC-223","./.:0,-3.12,-39.24:29:31:8:0"
"BESC-224","0/0:0,-14.15,-63.84:20:99:15:0"
"BESC-228","0/0:0,-31.89,-101.14:17:99:26:0"
"BESC-235","0/0:0,-14.16,-171.83:2:99:46:0"
"BESC-236","1/0:-21.38,0,-45.53:18:99:16:6"
"BESC-237","0/0:0,-5.82,-76.65:6:58:17:0"
"BESC-238","./.:0,-2.82,-34.95:18:28:7:0"
"BESC-241","./.:0,-3.03,-36.74:7:30:9:0"
"BESC-245","1/0:-31.38,0,-35.42:2:99:17:9"
"BESC-247","0/0:0,-4.62,-60.25:20:46:13:0"
"BESC-248","1/0:-36.46,0,-29.39:7:99:22:12"
"BESC-251","1/0:-81.08,0,-74.03:13:99:40:21"
"BESC-253","./.:0,-1.92,-24.35:19:19:4:0"
"BESC-254","0/0:0,-11.18,-60.24:20:99:15:0"
"BESC-256","0/0:0,-12.45,-130.56:6:99:31:0"
"BESC-257","0/0:0,-9.44,-115.14:25:94:28:0"
"BESC-258","0/0:0,-23.28,-300:21:99:66:0"
"BESC-262","1/0:-46.46,0,-36.69:1:99:27:15"
"BESC-264","1/0:-32.98,0,-43.52:11:99:20:9"
"BESC-268","0/0:0,-13.34,-44.04:19:99:10:0"
"BESC-269","0/0:0,-4.92,-55.85:26:49:12:0"
"BESC-270","1/0:-24.87,0,-34:1:99:19:8"
"BESC-272","0/0:0,-14.52,-55.34:15:99:14:0"
"BESC-273","0/0:0,-14.85,-294.06:3:99:50:0"
"BESC-274","./.:-17.69,0,-13.59:13:99:7:5"
"BESC-277","0/0:0,-16.16,-50.74:9:99:13:0"
"BESC-281","1/0:-42.18,0,-32.43:7:99:18:11"
"BESC-284","0/0:0,-7.93,-95.42:15:79:21:0"
"BESC-285","0/0:0,-13.05,-151.96:2:99:38:0"
"BESC-288","0/0:0,-4.92,-62.85:4:49:14:0"
"BESC-290","1/0:-216.98,0,-182.42:21:99:67:35"
"BESC-292","./.:0,-3.11,-40.64:18:31:8:0"
"BESC-294","0/0:0,-8.74,-99.03:2:87:29:0"
"BESC-295","1/0:-17.18,0,-30.73:12:99:12:5"
"BESC-296","0/0:0,-8.23,-165.22:1:82:27:0"
"BESC-298","0/0:0,-3.33,-39.63:3:33:11:0"
"BESC-299","0/0:0,-5.52,-66.35:11:55:15:0"
"BESC-303","0/0:0,-214.98,-300:20:99:88:0"
"BESC-304","1/0:-27.67,0,-17.5:5:99:14:8"
"BESC-305","./.:0,-1.92,-28.25:11:19:5:0"
"BESC-307","0/0:0,-19.51,-56.14:0:99:13:0"
"BESC-308","0/0:0,-5.22,-65.75:17:52:15:0"
"BESC-309","./.:-7.89,0,-15.41:18:79:4:2"
"BESC-311","0/0:0,-28.4,-75.24:12:99:18:0"
"BESC-312","1/0:-96.88,0,-92.82:10:99:50:26"
"BESC-314","0/0:0,-112.31,-300:2:99:50:0"
"BESC-316","0/0:0,-8.83,-105.31:22:88:24:0"
"BESC-318","0/0:0,-152.47,-300:18:99:62:0"
"BESC-319","1/0:-174.58,0,-78.32:3:99:40:28"
"BESC-321","0/0:0,-5.22,-61.55:26:52:14:0"
"BESC-322","0/0:0,-5.65,-63.73:7:57:18:0"
"BESC-327","1/0:-86.38,0,-88.83:14:99:45:22"
"BESC-330","0/0:0,-18.1,-62.84:12:99:15:0"
"BESC-332","0/0:0,-29.41,-75.74:0:99:11:0"
"BESC-333","1/0:-44.06,0,-33.59:2:99:25:14"
"BESC-336","1/0:-30.18,0,-28.93:13:99:14:8"
"BESC-338","0/0:0,-16.36,-300:32:99:51:0"
"BESC-339","0/0:0,-20.51,-73.44:8:99:18:0"
"BESC-341","0/0:0,-7.54,-92.73:3:75:25:0"
"BESC-342","0/0:0,-18.83,-53.94:4:99:14:0"
"BESC-344","0/0:0,-27.59,-68.04:4:99:16:0"
"BESC-345","0/0:0,-3.33,-38.33:1:33:11:0"
"BESC-349","0/0:0,-13.28,-268.76:46:99:41:0"
"BESC-351","1/0:-142.68,0,-181.92:5:99:53:24"
"BESC-352","./.:-8.75,0,-8.81:9:85:6:3"
"BESC-353","0/0:0,-4.02,-47.94:12:40:10:0"
"BESC-355","1/0:-35.48,0,-37.23:15:99:18:10"
"BESC-356","./.:-12.87,0,-16.11:0:99:9:4"
"BESC-357","0/0:0,-8.74,-104.33:4:87:29:0"
"BESC-358","0/0:0,-6.12,-77.65:11:61:17:0"
"BESC-359","1/0:-32.98,0,-29.33:9:99:16:10"
"BESC-361","1/0:-24.17,0,-36.79:5:99:20:8"
"BESC-362","1/0:-21.88,0,-28.43:10:99:12:6"
"BESC-363","./.:0,-11.38,-36.74:11:99:9:0"
"BESC-364","0/0:0,-16.51,-59.04:19:99:15:0"
"BESC-365","1/1:-58.97,-3.85,0:2:39:16:16"
"BESC-366","1/1:-298.29,-14.02,0:2:99:49:49"
"BESC-367","0/0:0,-29.01,-89.54:13:99:22:0"
"BESC-373","1/0:-44.96,0,-39.39:5:99:27:14"
"BESC-374","0/0:0,-6.43,-80.85:24:64:19:0"
"BESC-376","0/0:0,-7.33,-83.04:4:73:19:0"
"BESC-377","1/0:-53.06,0,-34.19:3:99:29:17"
"BESC-378","1/1:-61.37,-3.85,0:0:39:16:16"
"BESC-381","1/1:-67.27,-4.45,0:0:45:18:18"
"BESC-382","./.:-34.59,0,-33.93:16:99:9:5"
"BESC-384","1/1:-298.29,-16.53,0:2:99:61:61"
"BESC-385","./.:0,-3.12,-41.94:10:31:9:0"
"BESC-386","0/0:0,-39.5,-93.34:18:99:24:0"
"BESC-391","0/0:0,-4.02,-49.85:22:40:11:0"
"BESC-392","1/0:-26.18,0,-33.43:2:99:14:7"
"BESC-393","0/0:0,-28.92,-76.64:1:99:18:0"
"BESC-394","./.:0,-2.74,-38.04:18:27:8:0"
"BESC-398","./.:-10.98,0,-18.43:8:99:6:3"
"BESC-402","0/0:0,-37.55,-92.64:17:99:23:0"
"BESC-403","./.:-10.18,0,-25.73:14:99:8:3"
"BESC-406","./.:0,-3.42,-40.44:15:34:8:0"
"BESC-407","0/0:0,-24.4,-95.54:10:99:24:0"
"BESC-408","0/0:0,-5.22,-65.55:17:52:14:0"
"BESC-410","1/0:-54.95,0,-52.28:4:99:34:17"
"BESC-413","1/0:-54.55,0,-59.78:2:99:38:18"
"BESC-414","0/0:0,-14.85,-176.86:12:99:44:0"
"BESC-417","1/0:-36.08,0,-32.12:5:99:18:10"
"BESC-419","0/0:0,-83.48,-208.64:16:99:33:0"
"BESC-420","0/0:0,-13.65,-281.66:43:99:43:0"
"BESC-421","./.:0,-2.75,-30.46:2:28:9:0"
"BESC-422","./.:-15.49,0,-18.93:8:99:7:4"
"BESC-423","1/0:-3.87,0,-36.5:5:39:13:2"
"BESC-424","1/0:-33.68,0,-43.13:7:99:19:9"
"BESC-425","0/0:0,-4.53,-54.03:1:45:15:0"
"BESC-427","1/0:-24.97,0,-31.5:7:99:18:8"
"BESC-434","0/0:0,-27.33,-82.44:0:99:21:0"
"BESC-435","0/0:0,-7.54,-94.53:1:75:25:0"
"BESC-436","0/0:0,-6.03,-72.63:3:60:20:0"
"BESC-437","0/0:0,-26.3,-104.44:18:99:27:0"
"BESC-438","0/0:0,-4.53,-54.63:9:45:15:0"
"BESC-442","0/0:0,-6.12,-74.55:12:61:17:0"
"BESC-443","0/0:0,-76.64,-208.24:11:99:58:1"
"BESC-444","1/1:-79.27,-5.5,0:5:55:21:21"
"BESC-449","0/0:0,-5.11,-58.73:4:51:18:0"
"BESC-450","1/1:-44.97,-2.46,0:6:25:12:12"
"BESC-451","./.:0,-3.42,-43.84:19:34:9:0"
"BESC-455","0/0:0,-12.05,-146.03:4:99:40:0"
"BESC-457","0/0:0,-5.82,-68.85:19:58:16:0"
"BESC-458","1/0:-32.96,0,-50.89:0:99:27:11"
"BESC-462","1/0:-162.84,0,-124.17:4:99:47:26"
"BESC-463","0/0:0,-51.03,-177.14:3:99:48:0"
"BESC-468","1/0:-32.48,0,-42.43:14:99:19:9"
"BESC-469","1/0:-26.18,0,-28.63:17:99:13:7"
"BESC-470","./.:0,-2.52,-34.55:28:25:7:0"
"BESC-803","0/0:0,-13.05,-257.06:39:99:40:0"
"BESC-804","0/0:0,-24.29,-62.94:9:99:16:0"
"BESC-806","1/0:-11.18,0,-33.43:20:99:10:3"
"BESC-807","./.:0,-9.05,-33.04:11:90:9:1"
"BESC-808","0/0:0,-6.43,-83.95:14:64:19:0"
"BESC-809","0/0:0,-4.83,-59.53:5:48:16:0"
"BESC-813","1/0:-21.88,0,-32.63:11:99:13:6"
"BESC-815","0/0:0,-20.29,-66.84:15:99:16:0"
"BESC-816","0/0:0,-139.73,-300:25:99:55:0"
"BESC-817","./.:-13.68,0,-25.63:13:99:9:4"
"BESC-819","0/0:0,-18.22,-59.84:4:99:16:0"
"BESC-820","0/0:0,-9.44,-111.21:13:94:26:0"
"BESC-821","0/0:0,-34.51,-113.24:7:99:30:0"
"BESC-824","./.:0,-2.51,-36.14:3:25:7:0"
"BESC-825","0/0:0,-15.4,-62.64:9:99:15:0"
"BESC-826","0/0:0,-25.78,-62.34:0:99:15:0"
"BESC-830","0/0:0,-10.04,-120.02:21:99:29:0"
"BESC-831","./.:-20.37,0,-7.91:0:79:9:6"
"BESC-833","1/0:-176.08,0,-101.93:17:99:44:28"
"BESC-835","0/0:0,-15.41,-96.74:2:99:25:0"
"BESC-840","0/0:0,-5.22,-65.55:15:52:15:0"
"BESC-841","1/0:-32.68,0,-24.54:3:99:14:9"
"BESC-842","1/0:-19.38,0,-39.33:13:99:14:5"
"BESC-843","0/0:0,-29.71,-85.54:11:99:22:0"
"BESC-844","0/0:0,-6.12,-71.55:23:61:16:0"
"BESC-845","0/0:0,-13.35,-168.66:14:99:42:0"
"BESC-847","1/0:-68.6,0,-87.63:7:99:52:23"
"BESC-848","0/0:0,-7.54,-90.13:8:75:25:0"
"BESC-850","0/0:0,-16.3,-44.14:3:99:10:0"
"BESC-852","./.:0,-15.5,-38.24:0:99:8:0"
"BESC-853","1/0:-33.47,0,-18.5:0:99:16:9"
"BESC-854","0/0:0,-5.52,-71.25:28:55:17:0"
"BESC-855","1/0:-36.97,0,-15.2:3:99:16:11"
"BESC-858","0/0:0,-12.31,-43.13:10:99:10:0"
"BESC-860","0/0:0,-22.11,-58.84:10:99:15:0"
"BESC-862","0/0:0,-5.82,-77.35:23:58:17:0"
"BESC-864","./.:0,-16.23,-36.84:13:99:9:0"
"BESC-868","0/0:0,-27.7,-68.84:14:99:17:0"
"BESC-869","0/0:0,-9.44,-184.39:15:94:27:0"
"BESC-870","0/0:0,-19.61,-61.24:7:99:16:0"
"BESC-872","0/0:0,-20.21,-64.84:6:99:16:0"
"BESC-873","1/0:-43.28,0,-33.33:6:99:19:12"
"BESC-874","0/0:0,-4.32,-43.55:11:43:10:0"
"BESC-875","0/0:0,-5.52,-66.65:14:55:15:0"
"BESC-876","1/0:-85.16,0,-63.59:7:99:29:17"
"BESC-877","0/0:0,-7.93,-102.79:9:79:24:0"
"BESC-878","0/0:0,-29.06,-89.64:14:99:23:0"
"BESC-881","0/0:0,-28.94,-90.54:5:99:23:0"
"BESC-882","1/0:-33.23,0,-42.25:2:99:25:11"
"BESC-883","./.:0,-3.42,-43.64:19:34:9:0"
"BESC-884","0/0:0,-5.82,-77.25:19:58:18:0"
"BESC-885","0/0:0,-3.63,-43.23:2:36:12:0"
"BESC-890","0/0:0,-18.77,-300:23:99:62:0"
"BESC-898","0/0:0,-14.85,-274.36:30:99:39:0"
"BESC-899","0/0:0,-11.54,-142.42:24:99:35:0"
"BESC-907","0/0:0,-7.33,-90.29:15:73:20:0"
"BESC-909","0/0:0,-10.64,-214.55:38:99:32:0"
"BESC-001","0/0:0,-58.27,-156.54:11:99:42:0"
"BESC-100","0/0:0,-42.54,-121.34:3:99:18:0"
"BESC-101","0/0:0,-20.31,-78.54:0:99:19:0"
"BESC-107","1/0:-35.08,0,-65.83:17:99:25:9"
"BESC-011","0/0:0,-20.77,-61.74:3:99:15:0"
"BESC-111","0/0:0,-40.71,-133.84:28:99:19:0"
"BESC-112","0/0:0,-5.52,-106.35:31:55:15:0"
"BESC-113","0/0:0,-9.44,-201.62:25:94:28:0"
"BESC-116","0/0:0,-14.99,-64.24:2:99:15:0"
"BESC-117","0/0:0,-10.34,-214.68:0:99:31:0"
"BESC-118","1/0:-16.98,0,-39.33:0:99:14:5"
"BESC-119","0/0:0,-10.34,-128.05:26:99:29:0"
"BESC-012","0/0:0,-12.14,-146.26:6:99:37:0"
"BESC-120","./.:0,-2.52,-57.75:56:25:7:0"
"BESC-122","0/0:0,-4.62,-72.14:41:46:10:0"
"BESC-124","0/0:0,-7.84,-171.73:2:78:25:0"
"BESC-125","0/0:0,-6.43,-119.35:13:64:17:0"
"BESC-013","0/0:0,-4.62,-106.55:45:46:14:0"
"BESC-130","0/0:0,-12.75,-223.56:16:99:32:0"
"BESC-133","0/0:0,-16.06,-300:19:99:50:0"
"BESC-134","0/0:0,-6.73,-137.85:0:67:19:0"
"BESC-135","0/0:0,-19.31,-62.14:6:99:15:0"
"BESC-136","0/0:0,-6.43,-121.85:37:64:18:0"
"BESC-137","0/0:0,-18.17,-300:23:99:57:0"
"BESC-138","0/0:0,-35.81,-120.84:2:99:17:0"
"BESC-139","0/0:0,-8.53,-183.39:3:85:25:0"
"BESC-145","0/0:0,-8.53,-183.31:41:85:27:0"
"BESC-147","1/0:-92.15,0,-138.07:6:99:41:16"
"BESC-154","0/0:0,-15.06,-300:5:99:53:0"
"BESC-155","0/0:0,-15.76,-300:33:99:48:0"
"BESC-157","0/0:0,-3.72,-74.44:24:37:10:0"
"BESC-016","0/0:0,-22.55,-67.24:14:99:16:0"
"BESC-162","0/0:0,-16.06,-300:21:99:47:0"
"BESC-166","0/0:0,-5.22,-106.85:19:52:15:0"
"BESC-169","1/0:-59.36,0,-80.29:3:99:24:11"
"BESC-017","0/0:0,-4.02,-50.75:0:40:11:0"
"BESC-170","0/0:0,-16.06,-300:43:99:48:0"
"BESC-173","0/0:0,-12.05,-252.63:6:99:40:0"
"BESC-174","0/0:0,-44.76,-114.44:46:99:16:0"
"BESC-175","0/0:0,-58.87,-151.54:20:99:22:0"
"BESC-176","0/0:0,-19.37,-300:5:99:57:0"
"BESC-179","0/0:0,-78.39,-235.24:24:99:36:0"
"BESC-018","0/0:0,-6.12,-81.15:0:61:19:0"
"BESC-182","./.:0,-2.52,-57.05:24:25:7:0"
"BESC-183","0/0:0,-13.26,-277.43:2:99:44:0"
"BESC-184","0/0:0,-87.11,-204.94:19:99:33:0"
"BESC-186","0/0:0,-98.15,-249.24:5:99:38:0"
"BESC-189","0/0:0,-112.44,-300:4:99:51:0"
"BESC-190","0/0:0,-9.34,-209.64:44:93:32:0"
"BESC-193","0/0:0,-32.57,-119.24:19:99:18:0"
"BESC-195","0/0:0,-9.13,-172.21:37:91:24:0"
"BESC-199","0/0:0,-6.43,-140.25:14:64:20:0"
"BESC-002","0/0:0,-98.9,-228.84:4:99:34:0"
"BESC-020","0/0:0,-18.8,-68.44:0:99:16:0"
"BESC-201","1/0:-119.87,0,-145.92:24:99:44:20"
"BESC-205","0/0:0,-12.45,-232.96:17:99:33:0"
"BESC-207","0/0:0,-19.37,-300:48:99:59:0"
"BESC-208","0/0:0,-5.13,-103.03:4:51:17:0"
"BESC-209","0/0:0,-77.68,-205.54:16:99:30:0"
"BESC-021","0/0:0,-9.13,-190.44:21:91:27:0"
"BESC-210","1/0:-84.28,0,-81.33:0:99:24:13"
"BESC-211","0/0:0,-11.16,-231.13:0:99:36:0"
"BESC-213","0/0:0,-63.23,-181.24:18:99:29:0"
"BESC-218","0/0:0,-6.43,-80.45:24:64:18:0"
"BESC-022","./.:0,-18.39,-66.94:32:99:9:0"
"BESC-220","0/0:0,-8.23,-184.15:42:82:25:0"
"BESC-222","0/0:0,-121.3,-293.44:29:99:47:0"
"BESC-225","0/0:0,-51.3,-182.54:19:99:27:0"
"BESC-226","0/0:0,-13.86,-292.13:10:99:47:0"
"BESC-227","0/0:0,-18.17,-300:47:99:57:0"
"BESC-229","0/0:0,-13.05,-245.66:12:99:37:0"
"BESC-023","1/0:-47.48,0,-57.82:1:99:29:13"
"BESC-230","0/0:0,-3.72,-84.34:27:37:11:0"
"BESC-231","1/0:-32.39,0,-42.13:22:99:10:5"
"BESC-234","0/0:0,-45.2,-158.64:23:99:23:0"
"BESC-239","./.:0,-2.81,-63.24:6:28:8:0"
"BESC-024","0/0:0,-4.32,-87.54:0:43:12:0"
"BESC-240","0/0:0,-8.23,-178.84:40:82:25:0"
"BESC-242","0/0:0,-32.66,-96.34:4:99:15:0"
"BESC-243","0/0:0,-52.99,-190.74:25:99:30:0"
"BESC-249","0/0:0,-63.47,-182.34:25:99:28:0"
"BESC-025","0/0:0,-4.32,-50.65:0:43:11:0"
"BESC-250","0/0:0,-26.42,-70.44:14:99:10:0"
"BESC-259","0/0:0,-33.85,-99.94:22:99:15:0"
"BESC-026","0/0:0,-7.03,-147.95:14:70:22:0"
"BESC-260","1/0:-94.48,0,-14.9:8:99:17:15"
"BESC-261","0/0:0,-35.71,-97.94:28:99:14:0"
"BESC-263","0/0:0,-23.7,-71.64:24:99:10:0"
"BESC-265","./.:0,-3.12,-62.24:34:31:8:0"
"BESC-266","0/0:0,-4.32,-96.25:24:43:15:0"
"BESC-267","0/0:0,-108.18,-285.44:26:99:45:0"
"BESC-027","1/0:-31.08,0,-32.43:15:99:15:8"
"BESC-271","1/0:-25.48,0,-41.13:27:99:10:4"
"BESC-275","0/0:0,-16.66,-300:40:99:49:0"
"BESC-276","0/0:0,-3.93,-83.23:8:39:13:0"
"BESC-278","0/0:0,-30.37,-160.44:14:99:25:0"
"BESC-279","0/0:0,-91.71,-239.94:19:99:35:0"
"BESC-028","1/0:-81.78,0,-57.22:0:99:37:22"
"BESC-280","1/0:-143.88,0,-135.72:20:99:43:23"
"BESC-282","0/0:0,-4.92,-102.35:18:49:15:0"
"BESC-283","0/0:0,-7.33,-137.34:24:73:19:0"
"BESC-286","0/0:0,-24.71,-94.84:38:99:13:0"
"BESC-289","./.:0,-2.22,-49.45:50:22:6:0"
"BESC-029","0/0:0,-3.72,-52.45:0:37:11:0"
"BESC-291","1/0:-190.78,0,-196.52:22:99:61:29"
"BESC-293","0/0:0,-96.68,-235.04:20:99:38:0"
"BESC-297","0/0:0,-11.84,-242.15:5:99:35:0"
"BESC-003","0/0:0,-4.92,-61.15:8:49:15:0"
"BESC-030","./.:0,-8.21,-38.19:7:82:5:0"
"BESC-300","1/1:-87.37,-2.95,0:0:30:13:13"
"BESC-301","0/0:0,-36.2,-144.44:4:99:25:1"
"BESC-302","0/0:0,-12.14,-243.36:35:99:34:0"
"BESC-306","0/0:0,-51.28,-131.34:23:99:19:0"
"BESC-031","0/0:0,-60.85,-154.84:12:99:40:0"
"BESC-310","0/0:0,-48.31,-148.14:20:99:22:0"
"BESC-315","0/0:0,-65.87,-214.14:31:99:34:0"
"BESC-317","0/0:0,-6.73,-143.35:26:67:20:0"
"BESC-032","./.:0,-2.81,-36.84:9:28:7:0"
"BESC-320","0/0:0,-21.41,-86.14:10:99:12:0"
"BESC-323","0/0:0,-5.94,-192.15:15:59:30:1"
"BESC-324","./.:0,-4.71,-25.94:16:47:3:0"
"BESC-325","0/0:0,-4.32,-81.05:17:43:12:0"
"BESC-328","0/0:0,-95.01,-245.94:20:99:36:0"
"BESC-033","1/0:-28.98,0,-17.52:6:99:11:8"
"BESC-331","1/0:-130.85,0,-88.18:0:99:39:23"
"BESC-334","0/0:0,-5.22,-104.95:23:52:14:0"
"BESC-335","./.:0,-14.81,-41.24:25:99:5:0"
"BESC-337","0/0:0,-4.83,-101.13:3:48:16:0"
"BESC-034","0/0:0,-4.02,-83.25:39:40:11:0"
"BESC-340","1/0:-93.58,0,-39.32:4:99:20:15"
"BESC-346","0/0:0,-10.04,-169.22:37:99:25:0"
"BESC-347","0/0:0,-5.52,-113.05:42:55:15:0"
"BESC-348","0/0:0,-3.72,-79.15:17:37:10:0"
"BESC-035","./.:-11.58,0,-28.33:19:99:9:3"
"BESC-350","0/0:0,-5.52,-110.15:34:55:15:0"
"BESC-354","0/0:0,-4.92,-110.15:33:49:15:0"
"BESC-036","0/0:0,-3.42,-47.44:14:34:10:0"
"BESC-360","0/0:0,-10.55,-221.73:1:99:35:0"
"BESC-368","1/1:-131.87,-4.87,0:0:49:20:20"
"BESC-369","1/0:-35.37,0,-86.39:1:99:20:6"
"BESC-037","0/0:0,-4.02,-90.14:26:40:12:0"
"BESC-370","1/1:-178.27,-7.45,0:5:75:28:28"
"BESC-371","0/0:0,-100.09,-242.34:18:99:37:0"
"BESC-372","1/1:-55.27,-3.36,0:0:34:15:15"
"BESC-375","1/0:-60.78,0,-117.92:5:99:27:9"
"BESC-038","1/0:-42.48,0,-50.83:0:99:25:12"
"BESC-380","0/0:0,-9.81,-228.37:16:98:33:0"
"BESC-383","0/0:0,-6.12,-126.05:34:61:18:0"
"BESC-387","./.:0,-2.82,-60.95:8:28:8:0"
"BESC-388","./.:0,-3.11,-63.84:32:31:8:0"
"BESC-389","0/0:0,-14.25,-295.86:42:99:46:0"
"BESC-390","./.:-19.08,0,-33.13:4:99:7:3"
"BESC-395","./.:0,-3.12,-57.35:52:31:8:0"
"BESC-396","1/0:-156.15,0,-132.9:23:99:45:26"
"BESC-397","0/0:0,-4.62,-106.85:44:46:14:0"
"BESC-399","0/0:0,-9.74,-187.15:45:97:26:0"
"BESC-004","0/0:0,-3.72,-80.24:9:37:11:0"
"BESC-040","./.:-46.18,0,-11.39:9:99:9:7"
"BESC-401","0/0:0,-31.35,-112.94:31:99:16:0"
"BESC-404","./.:0,-2.75,-55.36:0:28:9:0"
"BESC-405","0/0:0,-3.32,-38.13:2:33:11:0"
"BESC-409","0/0:0,-3.02,-62.93:2:30:10:0"
"BESC-041","0/0:0,-4.02,-92.15:53:40:12:0"
"BESC-412","1/1:-95.27,-3.39,0:5:34:14:14"
"BESC-415","1/0:-79.36,0,-141.6:6:99:34:13"
"BESC-416","./.:0,-2.52,-44.55:30:25:5:0"
"BESC-426","./.:-26.78,0,-27.53:22:99:7:4"
"BESC-428","./.:0,-4.8,-18.22:9:48:2:0"
"BESC-429","0/0:0,-15.15,-300:14:99:44:0"
"BESC-043","0/0:0,-4.92,-97.95:31:49:14:0"
"BESC-430","1/0:-98.08,0,-53.03:19:99:23:15"
"BESC-431","./.:0,-3.12,-70.04:35:31:9:0"
"BESC-432","0/0:0,-60.58,-148.24:22:99:24:0"
"BESC-433","0/0:0,-29.91,-85.64:11:99:22:0"
"BESC-439","./.:-60.87,-1.75,0:3:18:9:9"
"BESC-044","0/0:0,-7.03,-89.74:26:70:21:0"
"BESC-440","1/0:-150.68,0,-112.73:19:99:38:22"
"BESC-441","0/0:0,-21.51,-54.54:17:99:12:0"
"BESC-445","1/0:-45.57,0,-17.6:6:99:10:7"
"BESC-446","./.:-19.09,0,-49.03:31:99:9:2"
"BESC-447","0/0:0,-4.92,-111.75:9:49:15:0"
"BESC-448","1/0:-99.88,0,-89.02:1:99:28:15"
"BESC-045","./.:0,-3.42,-42.84:11:34:9:0"
"BESC-452","1/0:-54.77,0,-50.8:8:99:19:9"
"BESC-453","0/0:0,-201.58,-300:20:99:69:0"
"BESC-454","0/0:0,-24.19,-300:42:99:75:0"
"BESC-459","0/0:0,-38.74,-130.54:1:99:20:0"
"BESC-046","0/0:0,-4.32,-55.55:11:43:12:0"
"BESC-461","1/0:-83.38,0,-81.92:23:99:25:13"
"BESC-464","0/0:0,-34.28,-97.54:12:99:14:0"
"BESC-465","1/0:-97.48,0,-94.22:19:99:28:15"
"BESC-466","0/0:0,-26.71,-89.74:19:99:15:1"
"BESC-467","0/0:0,-2.32,-116.15:48:23:18:1"
"BESC-047","./.:0,-2.82,-38.25:18:28:8:0"
"BESC-048","0/0:0,-29.92,-69.34:14:99:17:0"
"BESC-049","./.:0,-11.61,-37.11:14:99:9:0"
"BESC-005","./.:0,-2.82,-55.64:5:28:7:0"
"BESC-050","./.:0,-5.02,-56.14:26:50:8:0"
"BESC-051","0/0:0,-6.73,-82.85:14:67:21:0"
"BESC-053","./.:-6.19,0,-46.53:0:62:7:1"
"BESC-054","0/0:0,-4.02,-53.75:29:40:11:0"
"BESC-055","1/0:-54.87,0,-61.69:1:99:20:9"
"BESC-056","0/0:0,-28.18,-67.14:12:99:17:0"
"BESC-058","0/0:0,-7.03,-92.62:26:70:22:0"
"BESC-059","0/0:0,-4.53,-55.93:2:45:15:0"
"BESC-060","0/0:0,-39.71,-119.24:2:99:31:0"
"BESC-061","0/0:0,-4.62,-60.35:8:46:13:0"
"BESC-063","0/0:0,-13.95,-155.66:10:99:39:0"
"BESC-065","1/0:-21.58,0,-53.83:5:99:19:6"
"BESC-066","0/0:0,-14.51,-92.64:4:99:13:0"
"BESC-067","0/0:0,-5.82,-68.25:12:58:15:0"
"BESC-068","0/0:0,-32.65,-75.24:1:99:18:0"
"BESC-069","0/0:0,-64.17,-200.64:0:99:53:0"
"BESC-007","0/0:0,-5.82,-64.15:12:58:15:0"
"BESC-070","0/0:0,-5.22,-68.15:7:52:15:0"
"BESC-071","1/0:-11.07,0,-25.4:1:99:12:4"
"BESC-072","0/0:0,-3.34,-42.54:15:33:10:0"
"BESC-074","./.:0,-2.82,-57.65:20:28:8:0"
"BESC-075","0/0:0,-6.12,-125.55:26:61:20:0"
"BESC-076","0/0:0,-6.12,-72.05:17:61:17:0"
"BESC-077","0/0:0,-4.32,-47.05:13:43:10:0"
"BESC-078","0/0:0,-3.42,-44.34:10:34:10:0"
"BESC-008","./.:-20.08,0,-8.01:2:80:9:6"
"BESC-801","0/0:0,-103.71,-225.24:21:99:32:0"
"BESC-802","0/0:0,-10.55,-229.03:5:99:36:0"
"BESC-805","1/0:-106.18,0,-82.03:23:99:27:16"
"BESC-081","0/0:0,-118.41,-300:5:99:48:0"
"BESC-810","0/0:0,-8.44,-158.16:28:84:25:0"
"BESC-811","0/0:0,-58.56,-132.84:5:99:20:0"
"BESC-812","0/0:0,-46.42,-151.84:29:99:24:0"
"BESC-814","./.:0,-2.74,-60.04:0:27:9:0"
"BESC-818","0/0:0,-10.04,-182.14:9:99:27:0"
"BESC-082","./.:0,-7.61,-48.21:7:76:6:0"
"BESC-822","0/0:0,-21.78,-300:20:99:61:0"
"BESC-823","0/0:0,-12.75,-253.36:44:99:37:0"
"BESC-827","0/0:0,-13.01,-62.36:4:99:15:0"
"BESC-828","0/0:0,-3.72,-87.85:53:37:11:0"
"BESC-829","./.:0,-2.22,-49.05:36:22:6:0"
"BESC-083","0/0:0,-4.62,-42.95:0:46:10:1"
"BESC-832","0/0:0,-103.39,-300:21:99:45:0"
"BESC-834","0/0:0,-15.76,-300:35:99:50:0"
"BESC-839","0/0:0,-28.36,-300:47:99:71:0"
"BESC-084","0/0:0,-22.18,-60.64:13:99:15:0"
"BESC-846","./.:0,-14.5,-63.64:16:99:9:0"
"BESC-849","0/0:0,-58.4,-193.14:15:99:30:0"
"BESC-085","0/0:0,-4.23,-51.23:0:42:14:0"
"BESC-851","0/0:0,-7.93,-171.42:34:79:24:0"
"BESC-856","1/0:-108.78,0,-84.02:24:99:30:18"
"BESC-857","./.:0,-25.39,-67.64:11:99:9:0"
"BESC-859","0/0:0,-11.54,-222.72:45:99:33:0"
"BESC-086","0/0:0,-13.82,-44.84:0:99:11:0"
"BESC-861","0/0:0,-15.15,-300:23:99:49:0"
"BESC-863","0/0:0,-6.12,-130.45:56:61:18:0"
"BESC-865","0/0:0,-3.63,-43.13:6:36:12:0"
"BESC-866","0/0:0,-52.32,-152.04:9:99:24:0"
"BESC-871","0/0:0,-8.23,-171.74:15:82:24:0"
"BESC-879","0/0:0,-36.81,-116.24:35:99:17:0"
"BESC-880","0/0:0,-59.42,-143.74:4:99:21:0"
"BESC-886","0/0:0,-6.73,-134.55:39:67:18:0"
"BESC-887","./.:0,-7.5,-48.11:0:75:6:0"
"BESC-888","0/0:0,-18.47,-300:27:99:59:0"
"BESC-089","0/0:0,-36.93,-132.74:19:99:19:0"
"BESC-891","0/0:0,-52.36,-133.74:3:99:20:0"
"BESC-893","0/0:0,-63.33,-171.04:23:99:25:0"
"BESC-894","0/0:0,-8.83,-172.55:41:88:24:0"
"BESC-895","0/0:0,-39.73,-131.74:25:99:19:0"
"BESC-896","0/0:0,-99.18,-262.34:25:99:40:0"
"BESC-897","1/0:-71.48,0,-79.92:26:99:23:11"
"BESC-009","./.:0,-11.7,-37.33:6:99:8:0"
"BESC-090","./.:0,-2.52,-54.25:14:25:7:0"
"BESC-900","0/0:0,-10.64,-220.65:28:99:32:0"
"BESC-901","1/0:-224.37,0,-215.01:20:99:70:36"
"BESC-902","0/0:0,-16.96,-300:40:99:56:0"
"BESC-903","1/1:-298.29,-13.47,0:9:99:48:48"
"BESC-904","1/0:-173.57,0,-239.52:27:99:65:27"
"BESC-905","0/0:0,-122.97,-300:22:99:50:1"
"BESC-906","0/0:0,-16.57,-300:4:99:54:0"
"BESC-908","0/0:0,-3.45,-298.06:41:35:44:1"
"BESC-910","0/0:0,-5.52,-68.75:19:55:17:0"
"BESC-911","1/0:-61.28,0,-45.92:2:99:15:9"
"BESC-094","0/0:0,-3.72,-75.64:0:37:10:0"
"BESC-095","0/0:0,-6.43,-129.25:39:64:20:0"
"BESC-096","0/0:0,-8.23,-170.85:16:82:25:0"
"BESC-097","0/0:0,-18.09,-92.84:36:99:13:0"
"BESC-098","0/0:0,-42.27,-123.34:4:99:18:0"
"BLCG-28-1","1/0:-55.48,0,-57.92:14:99:30:15"
"BLCG-28-3","0/0:0,-3.63,-42.34:0:36:12:0"
"CA-01-02","0/0:0,-4.62,-63.65:0:46:14:0"
"CA-01-03","./.:0,-2.81,-37.44:5:28:7:0"
"CA-01-04","0/0:0,-4.62,-58.25:4:46:13:0"
"CA-01-05","0/0:0,-4.92,-63.45:0:49:15:0"
"CA-02-02","./.:0,-3.42,-43.44:0:34:9:0"
"CA-02-03","0/0:0,-18.47,-210.36:0:99:56:0"
"CA-02-04","./.:0,-2.81,-30.44:0:28:6:0"
"CA-04-01","0/0:0,-9.44,-183.51:1:94:27:0"
"CA-04-03","0/0:0,-4.32,-56.35:4:43:12:0"
"CA-04-04","0/0:0,-5.82,-70.65:3:58:17:0"
"CA-04-05","0/0:0,-6.65,-80.95:1:66:20:0"
"CA-05-01","0/0:0,-7.33,-91.19:1:73:22:0"
"CA-05-02","0/0:0,-5.52,-68.15:0:55:15:0"
"CA-05-03","0/0:0,-13.57,-148.16:1:99:38:0"
"CHWH-27-1","0/0:0,-17.25,-48.04:11:99:11:0"
"CHWH-27-2","0/0:0,-4.32,-60.15:25:43:13:0"
"CHWH-27-3","0/0:0,-5.22,-63.45:11:52:14:0"
"CHWH-27-4","1/0:-9.78,0,-58.13:15:98:18:3"
"CHWH-27-5","0/0:0,-23.39,-88.94:4:99:23:0"
"CHWI-27-4","0/0:0,-9.11,-50.24:0:91:13:0"
"CHWJ-27-2","0/0:0,-16.31,-54.64:13:99:13:0"
"CHWK-27-2","0/0:0,-29.57,-74.54:7:99:18:0"
"CHWK-27-3","0/0:0,-84.27,-292.24:2:99:47:0"
"CHWK-27-4","1/0:-152.78,0,-157.22:18:99:46:23"
"CMBF-28-1","1/0:-13.48,0,-52.33:21:99:16:4"
"CMBF-28-2","1/0:-22.98,0,-54.53:14:99:21:7"
"CMBF-28-3","0/0:0,-8.23,-93.04:17:82:21:0"
"CMBF-28-4","0/0:0,-5.52,-65.85:9:55:15:0"
"CNYH-28-2","0/0:0,-14.91,-72.43:6:99:19:0"
"CNYH-28-3","1/0:-40.48,0,-67.22:19:99:28:11"
"CNYH-28-4","1/0:-197.98,0,-173.22:17:99:55:29"
"CNYH-28-5","1/1:-71.67,-4.99,0:5:50:19:19"
"DENA-17-1","0/0:0,-45.75,-106.84:9:99:27:0"
"DENA-17-4","0/0:0,-4.83,-57.53:4:48:16:0"
"DENB-17-1","0/0:0,-4.32,-52.95:11:43:11:0"
"DENB-17-2","0/0:0,-3.42,-42.54:0:34:10:0"
"DENB-17-3","0/0:0,-7.63,-96.82:11:76:24:0"
"DENB-17-4","0/0:0,-13.35,-51.74:12:99:12:0"
"DENC-17-1","0/0:0,-9.44,-127.98:15:94:29:0"
"DENC-17-3","0/0:0,-4.32,-60.05:18:43:13:0"
"DENC-17-4","0/0:0,-18.37,-56.74:4:99:13:0"
"DENC-17-5","1/0:-27.27,0,-25.2:7:99:18:10"
"DEND-17-2","0/0:0,-13.09,-42.24:19:99:10:0"
"DEND-17-5","1/0:-57.28,0,-81.93:15:99:36:15"
"FNYI-28-1","0/0:0,-28.16,-63.44:10:99:16:0"
"FNYI-28-2","./.:0,-7.21,-29.01:10:72:5:0"
"FNYI-28-3","0/0:0,-15.15,-61.14:14:99:15:0"
"FNYI-28-4","1/0:-67.68,0,-25.93:5:99:23:18"
"FNYI-28-5","0/0:0,-35.24,-109.34:12:99:29:0"
"GLCA-26-1","0/0:0,-14.73,-47.34:4:99:11:0"
"GLCB-26-2","0/0:0,-8.23,-178.04:32:82:27:0"
"GLCB-26-3","0/0:0,-14.33,-56.54:13:99:13:0"
"GLCB-26-4","0/0:0,-10.34,-212.54:31:99:30:0"
"GW-10072","0/0:0,-26.65,-65.44:8:99:16:0"
"GW-10955","0/0:0,-4.02,-55.24:1:40:12:0"
"GW-10957","0/0:0,-7.63,-168.94:29:76:23:0"
"GW-10982","0/0:0,-4.92,-60.65:21:49:13:0"
"GW-10983","./.:-20.98,0,-15.98:10:99:9:6"
"GW-10984","0/0:0,-5.22,-64.55:24:52:15:0"
"GW-10985","0/0:0,-22.31,-64.04:11:99:15:0"
"GW-10986","1/0:-59.68,0,-83.32:16:99:36:16"
"GW-10987","0/0:0,-3.72,-48.14:18:37:10:0"
"GW-10988","0/0:0,-4.02,-49.35:23:40:10:0"
"GW-10989","0/0:0,-14.14,-46.14:16:99:11:0"
"GW-10992","0/0:0,-7.63,-92.39:11:76:21:0"
"GW-10993","0/0:0,-5.82,-132.75:47:58:18:0"
"GW-10995","0/0:0,-10.34,-129.24:23:99:31:0"
"GW-10997","0/0:0,-6.12,-74.65:17:61:17:0"
"GW-10999","0/0:0,-19.73,-53.64:13:99:13:0"
"GW-11001","0/0:0,-17.29,-48.64:11:99:11:0"
"GW-11011","1/0:-37.17,0,-17.8:6:99:17:11"
"GW-11012","./.:0,-8.51,-39.51:3:85:9:0"
"GW-11014","1/0:-47.86,0,-22.59:1:99:23:15"
"GW-11015","0/0:0,-19.16,-56.14:10:99:15:0"
"GW-11016","./.:0,-2.81,-35.34:6:28:7:0"
"GW-11018","0/0:0,-12.01,-51.74:7:99:13:0"
"GW-11019","1/0:-31.58,0,-22.93:11:99:13:9"
"GW-11021","0/0:0,-60.32,-172.44:0:99:45:0"
"GW-11022","1/0:-18.38,0,-25.93:12:99:10:5"
"GW-11025","./.:0,-10.54,-33.64:11:99:7:0"
"GW-11026","0/0:0,-27.61,-70.74:29:99:17:0"
"GW-11027","0/0:0,-11.7,-49.04:9:99:11:0"
"GW-11031","0/0:0,-47.52,-116.54:14:99:30:0"
"GW-11032","0/0:0,-5.82,-77.85:10:58:18:0"
"GW-11033","0/0:0,-32.94,-88.64:4:99:23:0"
"GW-11034","0/0:0,-4.02,-57.15:16:40:12:0"
"GW-11035","./.:0,-4.62,-45.75:9:46:9:0"
"GW-11036","0/0:0,-6.12,-81.75:8:61:19:0"
"GW-11037","0/0:0,-11.91,-65.13:0:99:16:0"
"GW-11039","0/0:0,-20.75,-70.54:1:99:18:0"
"GW-11041","0/0:0,-17.11,-56.34:12:99:13:0"
"GW-11042","0/0:0,-5.22,-65.15:16:52:15:0"
"GW-11043","./.:0,-2.52,-35.15:14:25:7:0"
"GW-11044","./.:0,-3.12,-41.44:18:31:9:0"
"GW-11045","0/0:0,-5.22,-64.35:14:52:14:0"
"GW-11046","./.:0,-6.76,-32.94:25:68:7:0"
"GW-11047","0/0:0,-4.62,-51.85:17:46:11:0"
"GW-11049","1/0:-24.18,0,-51.82:15:99:20:7"
"GW-11051","0/0:0,-41.9,-103.74:14:99:26:0"
"GW-11052","0/0:0,-4.92,-65.75:25:49:14:0"
"GW-11053","0/0:0,-7.63,-100.79:16:76:24:0"
"GW-11054","0/0:0,-8.53,-108.89:0:85:27:0"
"GW-1863","./.:-32.96,-1.55,0:0:16:9:9"
"GW-1909","0/0:0,-15.46,-52.54:20:99:13:0"
"GW-1950","0/0:0,-14.18,-49.14:12:99:11:0"
"GW-2048","1/0:-24.97,0,-24:5:99:16:8"
"GW-2066","./.:0,-6.87,-27.79:15:69:6:0"
"GW-2283","0/0:0,-13.71,-43.74:13:99:10:0"
"GW-2365","0/0:0,-24.52,-87.74:6:99:22:0"
"GW-2515","1/0:-36.98,0,-25.83:21:99:15:10"
"GW-2572","0/0:0,-15.3,-49.44:4:99:11:0"
"GW-2593","0/0:0,-6.12,-69.85:11:61:17:0"
"GW-2683","1/0:-39.08,0,-46.63:5:99:23:11"
"GW-4579","0/0:0,-26,-70.64:9:99:18:0"
"GW-4593","0/0:0,-19.81,-61.64:1:99:15:0"
"GW-4610","0/0:0,-7.5,-38.31:4:75:10:0"
"GW-6909","./.:0,-1.65,-23.58:11:17:4:0"
"GW-7073","0/0:0,-5.43,-62.43:0:54:18:0"
"GW-7973","0/0:0,-14.6,-52.14:2:99:12:0"
"GW-7975","0/0:0,-23.81,-75.04:10:99:18:0"
"GW-7976","./.:0,-2.23,-32.36:0:22:6:0"
"GW-7977","1/0:-16.67,0,-28.8:6:99:16:6"
"GW-7978","0/0:0,-21.51,-69.04:11:99:17:0"
"GW-7980","./.:0,-3.72,-41.04:6:37:9:0"
"GW-7981","./.:0,-6.29,-37.24:18:63:8:0"
"GW-7982","0/0:0,-6.73,-82.85:9:67:19:0"
"GW-7983","0/0:0,-10.18,-42.44:14:99:10:0"
"GW-7984","0/0:0,-32.42,-91.24:11:99:23:0"
"GW-7985","0/0:0,-5.22,-64.25:0:52:15:0"
"GW-7986","0/0:0,-6.73,-83.45:1:67:19:0"
"GW-7987","0/0:0,-9.67,-196.19:48:97:29:0"
"GW-7988","0/0:0,-18.5,-54.64:4:99:13:0"
"GW-7989","0/0:0,-27.05,-75.74:0:99:18:0"
"GW-7990","0/0:0,-4.62,-57.75:1:46:12:0"
"GW-7991","0/0:0,-23.63,-63.54:0:99:15:0"
"GW-7992","./.:0,-6.84,-26.24:4:68:5:0"
"GW-7993","0/0:0,-22.2,-69.44:17:99:17:0"
"GW-7994","0/0:0,-12.14,-140.96:10:99:37:0"
"GW-7996","0/0:0,-4.32,-54.05:3:43:12:0"
"GW-9577","0/0:0,-7.03,-137.85:18:70:19:0"
"GW-9578","./.:-8.77,0,-17.01:11:88:9:3"
"GW-9579","0/0:0,-7.03,-88.65:11:70:21:0"
"GW-9580","0/0:0,-3.33,-41.73:0:33:11:0"
"GW-9581","0/0:0,-16.66,-178.16:9:99:46:0"
"GW-9582","1/1:-65.07,-3.96,0:0:40:17:17"
"GW-9583","0/0:0,-33.59,-108.74:11:99:29:0"
"GW-9585","0/0:0,-16.73,-51.24:11:99:12:0"
"GW-9587","0/0:0,-3.93,-50.33:4:39:13:0"
"GW-9588","0/0:0,-23.43,-58.74:12:99:14:0"
"GW-9589","./.:0,-5.84,-17.87:8:58:3:0"
"GW-9591","./.:-20.78,0,-15.42:9:99:8:6"
"GW-9592","0/0:0,-23.31,-65.64:1:99:16:0"
"GW-9594","1/0:-45.58,0,-86.32:31:99:23:8"
"GW-9595","0/0:0,-23.69,-59.44:11:99:15:0"
"GW-9596","./.:0,-3.26,-31.24:13:33:6:0"
"GW-9597","0/0:0,-15.8,-53.14:2:99:13:0"
"GW-9598","1/1:-82.17,-5.66,0:3:57:23:23"
"GW-9756","0/0:0,-4.62,-62.05:17:46:13:0"
"GW-9757","0/0:0,-57.88,-174.04:21:99:26:0"
"GW-9758","0/0:0,-17.81,-63.04:8:99:15:0"
"GW-9759","1/0:-32.28,0,-24.83:13:99:15:9"
"GW-9760","1/0:-12.77,0,-30.6:0:99:15:5"
"GW-9761","1/0:-26.98,0,-37.93:2:99:15:7"
"GW-9763","0/0:0,-4.32,-53.15:23:43:12:0"
"GW-9764","1/0:-47.48,0,-44.82:3:99:24:13"
"GW-9765","1/0:-19.66,0,-62.59:4:99:26:7"
"GW-9766","0/0:0,-29.5,-87.54:15:99:22:0"
"GW-9767","1/1:-276.57,-12.12,0:3:99:46:46"
"GW-9768","0/0:0,-6.43,-79.75:21:64:19:0"
"GW-9769","0/0:0,-7.33,-98.42:23:73:23:0"
"GW-9771","0/0:0,-6.73,-82.84:15:67:18:0"
"GW-9772","0/0:0,-19.61,-57.24:12:99:15:0"
"GW-9774","0/0:0,-3.63,-42.53:2:36:12:0"
"GW-9775","0/0:0,-7.33,-81.44:20:73:19:0"
"GW-9776","0/0:0,-14.2,-46.64:11:99:11:0"
"GW-9777","0/0:0,-8.53,-102.81:22:85:24:0"
"GW-9778","1/0:-34.18,0,-36.23:10:99:17:9"
"GW-9779","0/0:0,-18.17,-58.24:18:99:14:0"
"GW-9780","0/0:0,-7.63,-81.82:21:76:19:0"
"GW-9781","1/0:-69.18,0,-28.32:1:99:25:19"
"GW-9783","1/0:-10.78,0,-45.73:20:99:13:3"
"GW-9785","./.:-5.96,0,-15.91:4:60:7:2"
"GW-9786","0/0:0,-27.7,-65.84:10:99:16:0"
"GW-9787","1/0:-30.48,0,-25.53:0:99:13:8"
"GW-9788","./.:-19.88,0,-17.21:9:99:9:6"
"GW-9789","0/0:0,-7.03,-143.94:35:70:21:0"
"GW-9792","1/0:-34.07,0,-27.59:1:99:20:11"
"GW-9793","0/0:0,-5.22,-67.35:12:52:15:0"
"GW-9794","0/0:0,-5.82,-77.35:21:58:18:0"
"GW-9795","1/0:-14.48,0,-31.43:9:99:11:4"
"GW-9796","1/0:-38.38,0,-29.33:11:99:16:10"
"GW-9797","0/0:0,-5.82,-69.55:7:58:17:0"
"GW-9798","1/0:-18.57,0,-34.2:1:99:17:6"
"GW-9799","1/0:-25.28,0,-36.43:11:99:15:7"
"GW-9801","0/0:0,-5.16,-44.04:14:52:11:0"
"GW-9802","0/0:0,-6.43,-82.25:6:64:19:0"
"GW-9803","0/0:0,-5.43,-66.93:4:54:18:0"
"GW-9804","0/0:0,-16.41,-54.94:8:99:13:0"
"GW-9805","1/0:-22.47,0,-24.6:1:99:15:7"
"GW-9806","0/0:0,-22.04,-51.54:6:99:12:0"
"GW-9807","0/0:0,-4.62,-51.75:6:46:13:0"
"GW-9809","1/0:-55.28,0,-38.73:6:99:24:15"
"GW-9810","0/0:0,-36.21,-103.64:9:99:28:0"
"GW-9811","0/0:0,-4.02,-45.15:15:40:10:0"
"GW-9812","0/0:0,-81.86,-260.74:2:99:40:0"
"GW-9813","./.:0,-3.42,-42.44:21:34:9:0"
"GW-9814","1/0:-13.47,0,-33.7:0:99:16:5"
"GW-9815","1/0:-44.28,0,-44.22:16:99:23:12"
"GW-9816","0/0:0,-5.17,-69.13:0:52:20:1"
"GW-9817","0/0:0,-35.22,-81.54:13:99:22:0"
"GW-9818","1/0:-61.35,0,-36.98:2:99:32:19"
"GW-9819","1/0:-67.73,0,-47.48:9:99:29:18"
"GW-9820","1/0:-29.68,0,-22:6:99:12:8"
"GW-9821","0/0:0,-4.83,-60.23:0:48:16:0"
"GW-9822","0/0:0,-3.72,-80.64:45:37:10:0"
"GW-9823","./.:0,-2.22,-31.45:1:22:6:0"
"GW-9824","0/0:0,-4.32,-57.15:30:43:12:0"
"GW-9826","0/0:0,-4.02,-52.85:22:40:11:0"
"GW-9828","0/0:0,-5.82,-73.45:29:58:17:0"
"GW-9829","0/0:0,-7.03,-93.35:32:70:22:0"
"GW-9830","./.:-11.19,0,-23.33:12:99:7:3"
"GW-9831","0/0:0,-14.5,-49.14:14:99:11:0"
"GW-9832","1/0:-17.98,0,-24.33:14:99:10:5"
"GW-9833","./.:-26.98,0,-6.3:4:63:8:7"
"GW-9835","0/0:0,-4.02,-53.95:29:40:13:0"
"GW-9837","0/0:0,-27.06,-125.34:17:99:34:0"
"GW-9838","1/1:-59.17,-3.85,0:1:39:16:16"
"GW-9840","1/0:-29.37,0,-4.4:0:44:11:9"
"GW-9842","0/0:0,-4.62,-54.84:22:46:12:0"
"GW-9843","./.:0,-4.47,-27.74:13:45:6:0"
"GW-9844","0/0:0,-5.52,-70.85:21:55:18:0"
"GW-9845","0/0:0,-10.94,-134.46:19:99:33:0"
"GW-9846","0/0:0,-6.12,-73.65:2:61:18:0"
"GW-9847","0/0:0,-24.9,-67.64:2:99:16:0"
"GW-9848","1/0:-26.18,0,-46.63:13:99:19:8"
"GW-9849","./.:0,-1.35,-20.68:15:14:3:0"
"GW-9850","1/0:-25.17,0,-30.6:3:99:18:8"
"GW-9851","0/0:0,-6.12,-79.75:27:61:18:0"
"GW-9852","0/0:0,-13.56,-161.43:4:99:46:0"
"GW-9853","0/0:0,-37.65,-98.24:14:99:26:0"
"GW-9854","1/0:-27.39,0,-25.33:12:99:12:7"
"GW-9855","0/0:0,-3.72,-51.65:18:37:11:0"
"GW-9856","0/0:0,-5.22,-56.35:19:52:12:0"
"GW-9857","0/0:0,-5.22,-69.05:25:52:15:0"
"GW-9858","0/0:0,-7.63,-98.09:23:76:23:0"
"GW-9860","0/0:0,-3.72,-50.75:17:37:11:0"
"GW-9861","0/0:0,-4.32,-51.65:23:43:11:0"
"GW-9862","0/0:0,-3.72,-49.04:21:37:11:0"
"GW-9863","0/0:0,-7.93,-97.34:25:79:23:0"
"GW-9864","0/0:0,-13.96,-56.74:21:99:14:0"
"GW-9865","./.:0,-3.11,-45.24:19:31:9:0"
"GW-9866","1/0:-20.28,0,-27.43:1:99:12:6"
"GW-9867","./.:0,-2.22,-32.65:29:22:6:0"
"GW-9868","0/0:0,-125.51,-300:19:99:49:0"
"GW-9869","./.:0,-2.22,-28.25:16:22:5:0"
"GW-9870","0/0:0,-24.83,-61.24:14:99:15:0"
"GW-9871","./.:-20.28,0,-17.66:10:99:9:6"
"GW-9872","./.:0,-3.42,-40.34:19:34:9:0"
"GW-9873","0/0:0,-3.42,-46.74:13:34:10:0"
"GW-9874","0/0:0,-5.22,-61.85:11:52:14:0"
"GW-9875","1/0:-19.37,0,-20.2:4:99:12:6"
"GW-9876","0/0:0,-4.32,-56.15:0:43:13:0"
"GW-9878","0/0:0,-25,-75.04:15:99:20:0"
"GW-9879","0/0:0,-20.41,-61.64:16:99:14:0"
"GW-9880","0/0:0,-58.39,-156.74:15:99:23:0"
"GW-9882","0/0:0,-11.93,-74.64:14:99:19:0"
"GW-9883","./.:0,-3.42,-38.94:17:34:9:0"
"GW-9884","0/0:0,-5.22,-67.75:4:52:15:0"
"GW-9885","1/0:-16.91,0,-32.25:7:99:13:5"
"GW-9886","./.:0,-3.72,-41.15:16:37:8:0"
"GW-9887","./.:0,-10.58,-32.74:15:99:7:0"
"GW-9888","0/0:0,-4.92,-65.35:18:49:16:0"
"GW-9889","0/0:0,-3.72,-50.14:0:37:11:0"
"GW-9890","./.:0,-10.81,-41.06:0:99:9:0"
"GW-9891","./.:0,-11.81,-39.72:3:99:9:0"
"GW-9892","./.:0,-6.95,-23.13:8:69:4:0"
"GW-9893","./.:0,-1.63,-24.66:14:16:4:0"
"GW-9894","1/0:-12.39,0,-36.43:14:99:12:4"
"GW-9895","./.:0,-19.15,-49.44:13:99:6:0"
"GW-9896","0/0:0,-28.31,-86.84:27:99:13:0"
"GW-9898","0/0:0,-4.92,-64.45:21:49:14:0"
"GW-9899","0/0:0,-17.74,-50.54:11:99:12:0"
"GW-9900","0/0:0,-4.62,-57.65:17:46:13:0"
"GW-9901","0/0:0,-5.22,-64.35:14:52:14:0"
"GW-9902","0/0:0,-28.65,-85.54:11:99:22:0"
"GW-9903","0/0:0,-8.83,-100.65:14:88:24:0"
"GW-9904","./.:0,-2.74,-31.54:3:27:9:0"
"GW-9905","0/0:0,-18.41,-48.74:14:99:11:0"
"GW-9907","./.:0,-8.41,-31.8:7:84:7:0"
"GW-9908","0/0:0,-3.93,-48.83:7:39:13:0"
"GW-9909","0/0:0,-6.33,-75.73:2:63:21:0"
"GW-9910","0/0:0,-7.03,-92.55:14:70:23:0"
"GW-9911","./.:0,-3.1,-39.44:18:31:9:0"
"GW-9912","1/0:-56.56,0,-19.49:1:99:24:17"
"GW-9913","./.:0,-2.73,-33.13:7:27:9:0"
"GW-9915","1/0:-18.57,0,-29.7:0:99:16:6"
"GW-9916","1/0:-29.08,0,-30.5:2:99:10:5"
"GW-9917","1/0:-17.86,0,-45.9:7:99:10:3"
"GW-9918","0/0:0,-4.83,-56.63:3:48:16:0"
"GW-9919","1/0:-24.17,0,-28:2:99:17:8"
"GW-9920","1/0:-30.89,0,-21.53:3:99:12:8"
"GW-9921","1/0:-25.28,0,-35.83:11:99:15:7"
"GW-9922","0/0:0,-28,-66.14:8:99:17:0"
"GW-9947","0/0:0,-6.73,-79.05:23:67:18:0"
"GW-9948","0/0:0,-11.05,-50.24:0:99:12:0"
"GW-9950","0/0:0,-13.46,-72.74:50:99:10:0"
"GW-9951","0/0:0,-6.12,-79.55:26:61:18:0"
"GW-9952","0/0:0,-7.63,-93.52:30:76:23:0"
"GW-9953","0/0:0,-4.02,-46.95:21:40:11:0"
"GW-9954","0/0:0,-4.02,-51.84:11:40:12:0"
"GW-9955","0/0:0,-6.64,-80.93:0:66:22:0"
"GW-9956","0/0:0,-5.82,-70.95:13:58:15:0"
"GW-9957","./.:0,-3.1,-37.44:29:31:8:0"
"GW-9958","0/0:0,-4.02,-52.85:12:40:12:0"
"GW-9959","./.:0,-8.81,-30.98:10:88:7:0"
"GW-9960","./.:-6.58,0,-29.73:7:66:8:2"
"GW-9961","1/0:-57.08,0,-37.72:2:99:25:16"
"GW-9962","0/0:0,-13.57,-43.44:16:99:10:0"
"GW-9963","0/0:0,-6.73,-86.04:22:67:19:0"
"GW-9964","0/0:0,-4.92,-54.85:23:49:11:0"
"GW-9965","0/0:0,-3.72,-47.44:7:37:11:0"
"GW-9966","0/0:0,-5.82,-71.35:1:58:16:0"
"GW-9967","0/0:0,-19.8,-55.44:0:99:13:0"
"GW-9968","0/0:0,-5.52,-75.85:8:55:17:0"
"GW-9969","./.:0,-7.26,-30.54:8:73:7:0"
"GW-9970","./.:0,-2.73,-33.83:0:27:9:0"
"HARA-26-1","0/0:0,-4.02,-47.94:11:40:11:0"
"HARA-26-2","0/0:0,-17.6,-55.04:13:99:14:0"
"HARB-26-1","1/0:-45.26,0,-50.28:4:99:30:14"
"HARB-26-2","0/0:0,-6.12,-83.55:17:61:19:0"
"HARB-26-3","0/0:0,-4.92,-65.95:24:49:14:0"
"HARB-26-4","0/0:0,-6.43,-83.55:21:64:20:0"
"HARB-26-5","0/0:0,-4.02,-50.35:18:40:13:0"
"HARC-26-1","0/0:0,-5.52,-70.55:14:55:17:0"
"HARC-26-2","0/0:0,-47.5,-120.34:19:99:17:0"
"HARC-26-3","0/0:0,-4.92,-57.45:12:49:13:0"
"HARC-26-4","0/0:0,-13.86,-76.54:18:99:19:0"
"HARC-26-5","1/0:-38.18,0,-41.92:3:99:19:9"
"HIRD-12-2","1/0:-40.18,0,-29.23:11:99:17:11"
"HOMA-21-1","0/0:0,-32.51,-106.94:16:99:26:0"
"HOMA-21-2","0/0:0,-19.4,-60.34:16:99:15:0"
"HOMA-21-4","1/1:-127.87,-9.27,0:0:93:34:34"
"HOMA-21-5","./.:0,-3.12,-37.05:22:31:8:0"
"HOMB-21-2","0/0:0,-31.79,-76.04:9:99:18:0"
"HOMB-21-4","0/0:0,-24.81,-71.64:12:99:18:0"
"HOMC-21-1","0/0:0,-10.48,-52.34:23:99:12:0"
"HOMC-21-2","1/0:-26.48,0,-69.73:18:99:25:7"
"HOMC-21-3","1/0:-52.96,0,-34.19:0:99:27:16"
"HOMC-21-4","0/0:0,-5.82,-71.95:22:58:16:0"
"HOMC-21-5","1/0:-46.15,0,-58.48:2:99:33:15"
"HOMD-21-1","0/0:0,-3.42,-69.14:39:34:10:0"
"HOMD-21-2","0/0:0,-7.24,-90.03:4:72:24:0"
"HOMD-21-3","1/0:-23.38,0,-49.03:21:99:17:6"
"HOMD-21-4","1/0:-33.57,0,-17.2:0:99:16:10"
"HOPF-27-1","0/0:0,-11.75,-252.63:10:99:39:0"
"HOPF-27-3","0/0:0,-59.14,-146.84:4:99:38:0"
"HOPF-27-5","1/0:-34.18,0,-41.13:16:99:17:8"
"HOPG-27-1","0/0:0,-4.92,-67.05:10:49:15:0"
"HOPG-27-5","1/0:-26.96,0,-41.89:4:99:23:9"
"HRSO-27-2","1/0:-38.18,0,-31.72:22:99:10:6"
"HRSO-27-5","0/0:0,-6.12,-75.95:11:61:18:0"
"HRSP-27-4","0/0:0,-10.34,-183.48:5:99:28:0"
"HRSP-27-5","0/0:0,-6.43,-136.25:0:64:19:0"
"KLNA-20-3","0/0:0,-4.92,-55.95:15:49:12:0"
"KLNA-20-4","0/0:0,-10.04,-120.82:20:99:30:0"
"KLNA-20-5","0/0:0,-37.96,-90.84:12:99:23:0"
"KLNB-20-2","0/0:0,-7.93,-98.24:14:79:23:0"
"KLNC-20-2","0/0:0,-21.02,-84.44:17:99:21:0"
"KLND-20-2","0/0:0,-12.14,-143.56:22:99:35:0"
"KLND-20-3","0/0:0,-4.62,-51.25:12:46:11:0"
"KLND-20-5","1/0:-36.18,0,-20.2:11:99:15:11"
"KLNE-20-4","0/0:0,-11.81,-86.94:20:99:23:0"
"KLNE-20-5","1/0:-30.87,0,-28.29:0:99:20:10"
"KLNG-20-3","0/0:0,-5.82,-67.65:14:58:15:0"
"KLNG-20-4","0/0:0,-5.22,-67.45:18:52:15:0"
"KLNG-20-6","./.:0,-2.81,-39.64:15:28:8:0"
"KTMA-12-1","0/0:0,-4.32,-95.05:38:43:13:0"
"KTMA-12-2","0/0:0,-45.97,-116.14:9:99:30:0"
"KTMA-12-3","0/0:0,-9.01,-58.31:11:90:14:0"
"KTMA-12-4","0/0:0,-10.34,-115.15:22:99:28:0"
"KTMB-12-1","0/0:0,-4.92,-68.35:30:49:15:0"
"KTMB-12-3","0/0:0,-8.83,-111.75:19:88:27:0"
"KTMC-12-1","0/0:0,-42.8,-97.24:11:99:24:0"
"KTMC-12-2","0/0:0,-7.54,-92.73:3:75:25:0"
"KTMC-12-3","./.:0,-15.3,-38.74:21:99:9:0"
"KTMC-12-5","0/0:0,-39.54,-110.14:10:99:28:0"
"LILA-26-2","0/0:0,-23.89,-55.04:7:99:13:0"
"LILA-26-3","0/0:0,-4.02,-50.05:29:40:11:0"
"LILA-26-4","0/0:0,-4.62,-54.15:15:46:11:0"
"LILA-26-5","0/0:0,-11.24,-136.85:25:99:34:0"
"LILB-26-1","0/0:0,-27.61,-71.04:8:99:17:0"
"LILB-26-3","0/0:0,-3.03,-35.93:4:30:10:0"
"LILB-26-4","1/0:-36.07,0,-31.09:1:99:21:11"
"LILB-26-5","0/0:0,-5.13,-61.03:2:51:17:0"
"LILC-26-1","1/0:-21.08,0,-25.73:10:99:11:6"
"LILC-26-3","0/0:0,-27.29,-70.14:9:99:18:0"
"LILC-26-4","0/0:0,-8.44,-176.03:0:84:28:0"
"LILC-26-5","0/0:0,-8.23,-111.44:27:82:26:0"
"LILD-26-2","1/1:-84.87,-2.95,0:0:30:14:14"
"LILD-26-3","1/0:-26.29,0,-63.93:0:99:22:7"
"LILD-26-4","0/0:0,-6.73,-145.15:50:67:20:0"
"LILD-26-5","1/0:-37.88,0,-40.43:21:99:19:10"
"MCMN-27-2","1/0:-58.49,0,-46.53:6:99:26:15"
"MCMN-27-3","0/0:0,-23.1,-54.84:12:99:12:0"
"MCMN-27-4","1/0:-67.86,0,-77.09:3:99:26:12"
"MCMN-27-5","1/0:-43.57,0,-17.9:3:99:19:13"
"MTSM-27-3","0/0:0,-18.59,-66.64:13:99:16:0"
"NHTA-27-2","0/0:0,-9.13,-198.24:26:91:30:0"
"NHTA-27-3","0/0:0,-6.73,-114.55:40:67:18:0"
"NHTA-27-4","0/0:0,-27.98,-66.84:14:99:16:0"
"NHTA-27-5","0/0:0,-52.2,-128.64:2:99:33:0"
"NHTB-27-1","0/0:0,-19.67,-58.24:16:99:14:0"
"NHTB-27-3","1/1:-56.57,-3.36,0:1:34:15:15"
"NHTB-27-4","0/0:0,-25.73,-71.14:13:99:16:0"
"Nisqually-1","0/0:0,-94.63,-254.64:20:99:44:0"
"SKWA-24-2","0/0:0,-18.9,-60.54:17:99:14:0"
"SKWA-24-3","0/0:0,-7.03,-87.84:30:70:20:0"
"SKWA-24-4","0/0:0,-9.44,-123.02:22:94:29:0"
"SKWA-24-5","0/0:0,-7.63,-92.54:19:76:21:0"
"SKWB-24-2","0/0:0,-61.98,-170.34:18:99:26:0"
"SKWB-24-3","0/0:0,-4.32,-54.85:10:43:12:0"
"SKWB-24-5","1/0:-100.38,0,-86.63:19:99:28:16"
"SKWC-24-1","0/0:0,-17.18,-69.34:15:99:17:0"
"SKWD-24-1","0/0:0,-10.34,-118.62:23:99:28:0"
"SKWD-24-3","0/0:0,-4.02,-76.14:38:40:10:0"
"SKWD-24-5","0/0:0,-4.62,-51.15:11:46:11:0"
"SKWE-24-1","0/0:0,-6.94,-154.63:10:69:23:0"
"SKWE-24-2","0/0:0,-10.64,-132.52:31:99:32:0"
"SKWE-24-3","0/0:0,-20.69,-78.34:15:99:12:0"
"SKWE-24-4","0/0:0,-20.5,-59.04:19:99:14:0"
"SKWE-24-5","0/0:0,-5.52,-61.05:19:55:14:0"
"SKWF-24-3","./.:0,-3.72,-43.14:26:37:9:0"
"SKWF-24-4","0/0:0,-28.56,-68.04:4:99:17:0"
"SKWF-24-5","0/0:0,-8.44,-98.63:2:84:27:0"
"SLMB-28-1","0/0:0,-110.89,-264.74:20:99:40:0"
"SLMB-28-3","0/0:0,-6.12,-72.35:20:61:16:0"
"SLMB-28-4","0/0:0,-21.97,-49.44:12:99:11:0"
"SLMC-28-1","0/0:0,-8.21,-121.5:4:82:19:0"
"SLMC-28-2","1/1:-71.17,-4.57,0:0:46:20:20"
"SLMC-28-3","0/0:0,-15.25,-48.74:5:99:12:0"
"SLMD-28-1","0/0:0,-5.22,-100.85:9:52:13:0"
"SLMD-28-3","1/0:-10.88,0,-18.9:4:99:10:4"
"SQMA-25-1","0/0:0,-15.1,-66.84:16:99:15:0"
"SQMA-25-2","0/0:0,-6.43,-68.35:22:64:16:0"
"SQMA-25-4","./.:-12.87,0,-15.31:1:99:9:4"
"SQMB-25-1","1/0:-19.18,0,-26.13:11:99:10:5"
"SQMB-25-3","0/0:0,-5.52,-73.75:4:55:17:0"
"SQMB-25-4","1/0:-32.58,0,-47.12:6:99:20:9"
"SQMC-25-1","1/0:-74.28,0,-54.83:10:99:19:11"
"SQMC-25-3","0/0:0,-44.54,-107.44:15:99:27:0"
"SQMC-25-4","0/0:0,-17.56,-300:21:99:52:0"
"SQMC-25-5","./.:0,-3.11,-39.44:20:31:8:0"
"VNDL-27-1","0/0:0,-5.82,-73.25:22:58:16:0"
"VNDL-27-3","0/0:0,-4.92,-64.24:13:49:14:0"
"VNDL-27-5","1/0:-34.98,0,-25.83:10:99:14:9"
"WELC-27-1","0/0:0,-19.07,-300:25:99:53:0"
"WELC-27-3","0/0:0,-3.42,-47.24:30:34:10:0"
"WELC-27-4","0/0:0,-4.92,-61.65:22:49:14:0"
"WELC-27-5","0/0:0,-14.25,-259.06:24:99:38:0"
"WHTE-28-1","0/0:0,-19.07,-300:21:99:58:0"
"WHTE-28-2","0/0:0,-11.15,-243.73:5:99:37:0"
"WHTE-28-3","0/0:0,-6.64,-77.73:1:66:22:0"
"YALD-27-2","0/0:0,-3.93,-46.43:4:39:13:0"
"YALD-27-5","./.:-10.79,0,-23.03:4:99:7:3"
"YALE-27-1","./.:-31.58,0,-21.61:7:99:9:5"
"YALE-27-3","0/0:0,-17.56,-300:21:99:53:0"
