"IDs","Arabinose","Galactose","Glucose","Xylose","Mannose","insoluble.lignin","soluble.lignin","holocellulose","alpha.cellulose","hemicellulose","Syringyl.lignin.monomers....","Fiber.length.Lw..length.weighted.","MFA..first.growth.ring.from.bark.","MFA..first.growth.ring.from.pith.","X.crystallinity..w_c.","average.wood.density","total.lignin"
"ALAA-20-1",0.705209383,0.603502193,50.70860436,17.44827507,2.618438953,17.8807947,1.851732253,72.91066282,43.12504542,29.7856174,72.92,0.899,17.61,20.36,52.63,396.34,19.73252696
"ALAA-20-2",0.657141488,0.655859433,51.19198421,16.68678994,3.25023801,17.83681214,1.973865793,69.82364468,41.73601,28.08763468,72.88,0.95,14.37,17.13,48.08,417.47,19.81067794
"ALAA-20-3",0.554965614,0.636149591,48.70836659,17.16022759,3.022547568,18.14569536,2.062522577,69.9120603,41.50622342,28.40583688,79.23,0.809,14.01,14.37,53.76,375.39,20.20821794
"ALAA-20-4",0.576564639,0.59118759,49.59905365,16.21229279,2.948205121,18.65814696,1.710136509,69.43498979,41.43406575,28.00092404,76.17,0.972,14.01,14.61,48.08,356.47,20.36828347
"ALAA-20-5",0.568272257,0.576861025,49.84283607,16.30655607,2.89591456,18.70640457,2.094223785,65.20467836,40.73279329,24.47188508,76.17,0.933,13.77,15.57,52.08,400.32,20.80062835
"BELA-18-1",0.660386468,0.723705518,49.63362084,17.88974991,2.772337462,19.03743316,1.659309674,70.80656674,42.97100214,27.8355646,71.45,0.907,19.88,20,52.91,485.07,20.69674283
"BELA-18-2",0.665868085,0.650469182,48.54093673,15.85723305,3.63566202,18.68327402,1.766607355,68.80239521,42.82122733,25.98116788,74.57,0.443,14.37,18.68,53.19,440.47,20.44988138
"BELA-18-3",0.629086728,0.621284117,49.64875649,15.79515738,2.416995763,17.83088235,1.914104278,68.04822909,39.75425544,28.29397364,72.44,1.038,12.81,18.92,52.91,413.43,19.74498663
"BELA-18-4",0.485595509,0.879465999,60.01473324,15.36937908,2.609709477,13.625,1.838693182,74.50462351,48.52185318,25.98277033,72.76,0.791,18.32,20.6,53.19,528.23,15.46369318
"BELA-18-5",0.783748159,0.677652364,48.09097843,18.15687308,3.029777992,17.65079365,1.627590188,71.61422709,43.2705635,28.34366359,74.48,0.798,14.01,18.44,49.02,434.22,19.27838384
"BELC-18-1",0.768361877,0.5897426,48.61526341,18.00482933,2.695930127,18.1369525,1.531742471,62.82527881,37.1336738,25.69160501,71.92,0.901,17.73,17.49,49.26,423.92,19.66869497
"BELC-18-2",0.434362724,0.678861342,54.10595884,16.78022699,2.98041479,15.42449773,2.022476875,71.72330097,45.48562691,26.23767406,74.82,0.847,14.73,15.45,54.35,402.26,17.44697461
"BELC-18-3",0.806379081,0.712312496,45.81880184,17.53317363,3.136516162,19.45701357,2.417317976,69.1109669,40.07923216,29.03173474,73.28,0.873,12.93,17.96,51.55,408.17,21.87433155
"BELC-18-4",0.736234122,0.707830482,50.13065745,17.05153778,2.732304737,18.63580999,2.125290665,68.87608069,42.20287057,26.67321012,72.85,0.707,14.01,19.88,48.08,432.75,20.76110065
"BLCG-28-1",0.701005355,0.726520863,48.50222382,17.83979323,2.934166586,17.52336449,1.642682668,67.53424658,40.43415284,27.10009374,72.43,0.924,17.61,18.32,46.08,404.9,19.16604715
"BLCG-28-3",0.68590371,0.658484397,48.20609255,18.02771017,3.247962337,18.78354204,1.562259446,68.66118175,39.70213666,28.95904509,68.37,0.609,16.89,16.77,43.48,360.89,20.34580149
"CARS-29-3",0.65069127,0.687851554,48.12251396,17.19241819,3.140035727,18.48145968,2.132136551,71.4953271,41.73131493,29.76401217,68.25,0.444,19.04,19.4,46.51,435.34,20.61359623
"CARS-29-4",0.626510053,0.764052464,51.06707087,17.52350437,2.836536327,17.73329934,2.390773106,68.63821649,40.77622267,27.86199381,69.23182909,0.7195,14.67076875,18.68365,53.45022624,385.38,20.12407244
"CHKC-19-1",0.594965963,0.646622663,50.91360852,18.68137132,3.105689504,20.26599113,2.362369739,69.62264151,41.50601986,28.11662165,73.1,0.983,18.2,18.56,54.35,404.76,22.62836087
"CHKC-19-2",0.60647129,0.549598575,50.35992106,18.3569837,3.06808627,19.2330737,2.265047116,66.59108088,38.98694067,27.60414021,71.86,0.839,18.68,22.4,53.76,438,21.49812081
"CHKC-19-3",0.577875608,0.569645771,51.06404854,17.81474691,2.688696798,20.1885746,2.180204709,70.51363348,41.55413511,28.95949837,71.83,0.662,18.44,20.12,46.3,388.77,22.36877931
"CHKC-19-4",0.663427925,0.651732996,52.05969048,18.3441677,3.062104548,18.64089776,2.312514169,71.06796117,42.71785759,28.35010358,73.97,1.094,16.89,17.96,52.63,431.91,20.95341192
"CHKD-19-1",0.512158244,0.537336444,52.06030486,20.04239387,3.164133778,17.91639018,2.342733908,73.49081365,41.69979128,31.79102236,73.47,0.676,16.41,21.2,57.8,445.96,20.25912409
"CHKD-19-2",0.536157891,0.697625288,56.05190006,16.52141701,2.701342221,16.79012346,2.100589226,70.77114428,42.26039669,28.51074759,73.5,0.756,21.2,21.44,51.28,432.69,18.89071268
"CHKD-19-3",0.595941187,0.565689483,50.4921284,16.84751357,2.887908414,19.60912052,1.819159017,67.4571805,39.68814656,27.76903394,72.28,0.867,17.37,20.36,53.19,421.94,21.42827954
"CHKD-19-4",0.55191309,0.746112901,54.24914577,17.70131825,2.973030815,20.45454545,2.306732094,71.36422136,42.80543034,28.55879103,76.94,0.679,20.12,20.24,58.14,426.11,22.76127755
"CHKD-19-5",0.424146533,0.48661462,47.57559382,19.36927537,3.061964939,20.44444444,2.293362193,72.4881996,38.83620268,33.65199691,73.05,0.764,18.56,19.88,51.02,409.77,22.73780664
"CHWH-27-1",0.447006698,0.652854305,51.99427753,17.5346527,3.349041001,20.81185567,2.183868322,72.24036577,42.36675781,29.87360796,70.05,0.619,14.13,15.69,52.08,388.4,22.99572399
"CHWH-27-3",0.533546853,0.677519382,52.68937424,17.28947266,2.803451963,20.08271494,2.343046756,69.03796352,40.39378111,28.64418241,72.22253164,0.901,17.72535,19.0430125,49.92778525,380.44,22.4257617
"CHWH-27-5",0.551066374,0.606235489,52.33178326,17.90633007,2.620282205,20.2268431,2.255599473,72.18406593,42.55384578,29.63022015,73.13,0.979,17.37,21.56,50,355.79,22.48244257
"CHWI-27-4",0.549468477,0.751134995,52.38875971,18.51240371,3.053273987,19.63613551,1.999087487,67.60982874,41.06836393,26.54146482,73.34,0.95,12.45,19.04,50.51,434.82,21.635223
"CHWJ-27-1",0.614229486,0.721419076,53.19573486,17.42751286,2.634723988,19.67320261,2.233719548,67.11538462,41.22669576,25.88868886,71.76,0.805,21.08,20.96,44.44,387.02,21.90692216
"CHWK-27-2",0.547456644,0.463641183,49.06897472,19.6935294,2.969279552,18.87026691,1.946193781,70.20348837,41.46020222,28.74328615,70.38,0.872,16.05,18.32,52.36,358.88,20.8164607
"CHWK-27-3",0.647449409,0.585715106,45.88157891,19.47136461,3.567523331,18.49677041,2.105642449,68.14516129,40.01521769,28.1299436,72.89,0.828,17.25,20.12,49.26,399.74,20.60241285
"CHWK-27-4",0.521863984,0.601140775,50.53011668,19.05697147,3.379036485,19.88832346,2.105612069,70.63855794,41.41739815,29.22115979,70.42213863,0.8675,16.2879,19.7617375,52.15265517,409.98,21.99393553
"CMBF-28-1",0.506253835,0.568702673,52.66209305,17.60768997,2.123039757,17.07768187,1.809242237,68.7585266,41.15252238,27.60600422,68.64,0.954,14.01,20.36,50,420.15,18.88692411
"CMBF-28-2",0.581572584,0.559708578,47.5176074,19.70344284,2.605210942,18.45386534,2.010740195,68.36236934,40.92987648,27.43249286,71.89,0.935,16.77,17.13,53.48,437.35,20.46460553
"CMBF-28-3",0.943848593,0.604654427,51.53468182,17.87765026,2.234689821,18.35985312,1.884889285,67.95413398,39.22223408,28.7318999,69.34,1.01,17.49,16.77,48.54,397.58,20.24474241
"CNYH-28-1",0.6029292,0.449798521,49.14513476,19.18929825,2.711368233,16.32782719,2.088252281,69.54703833,37.65716336,31.88987496,72.65,0.851,20.12,21.08,46.3,371.78,18.41607947
"CNYH-28-2",0.475821808,0.382860797,49.38648477,18.92174066,3.444124332,18.54419411,2.1464734,68.45679012,37.47669814,30.98009198,71.37,0.773,19.76,19.04,51.02,426.93,20.69066751
"CNYH-28-3",0.501249132,0.540412295,51.70111415,19.16269484,2.393679526,15.75091575,2.288128538,70.49780381,41.75484401,28.74295979,70.83,0.873,16.41,18.68,52.91,401.99,18.03904429
"CSYJ-28-1",0.650846559,0.437627465,49.95808588,20.07865849,3.22223754,16.4418754,2.143282536,68.17359855,39.95447822,28.21912034,70.13,1.006,19.04,20.36,47.85,398.89,18.58515794
"CSYJ-28-3",0.849002802,0.49850743,50.54934856,20.88201645,3.59200741,17.45502998,2.241354249,68.7575392,39.25609362,29.50144558,71.06,0.834,17.73,18.92,47.17,399.55,19.69638423
"DENA-17-2",0.565193734,0.400184709,50.42230106,19.7154345,2.481877868,19.64866623,2.371828237,70.1986755,40.44666943,29.75200607,71.76,0.484,21.8,21.92,50.51,367.5,22.02049447
"DENA-17-4",0.471710391,0.431062704,47.5037969,20.69003024,3.197056882,18.69688385,2.19160443,70.67620286,42.22064569,28.45555717,70.81,0.826,20.12,23,42.37,389.19,20.88848828
"DENB-17-1",0.44535351,0.52164424,56.96997909,16.37147954,2.233424117,13.32189823,2.265450387,69.44083225,43.30150922,26.13932303,74.04,0.94,16.17,19.52,51.55,404.04,15.58734861
"DENB-17-2",0.655721645,0.623112348,47.08574443,17.89904423,2.796891995,17.48021108,2.461921324,70.17654477,41.41797044,28.75857433,73.88,0.94,19.04,19.52,49.26,380.98,19.94213241
"DENB-17-3",0.701977665,0.783262765,50.15349048,17.69536239,1.982571279,17.70428016,2.269897418,67.16519375,41.93408988,25.23110386,70.53,0.771,18.92,24.07,52.63,445.45,19.97417757
"DENB-17-4",0.607170433,0.649495964,49.21026733,16.69135438,2.46433373,16.59134926,2.25356535,70.53206003,44.70145739,25.83060264,71.48,0.975,15.81,16.29,49.5,387.05,18.84491461
"DENC-17-3",0.521273403,0.573246956,49.13328921,18.61104803,2.252766834,16.72913539,2.404064312,70.69077402,42.87424722,27.8165268,73.12791502,0.917,20.66014375,21.49865625,50.90673575,447.93,19.1331997
"DENC-17-4",0.531725644,0.774806168,53.58269347,16.49260451,2.640958425,15.94643944,2.119542965,69.79645437,44.50645819,25.28999618,72.91,0.962,10.42,13.77,54.35,446.09,18.0659824
"DENC-17-5",0.507131863,0.703180395,52.67151744,16.27800099,2.284133126,17.19662557,1.989823609,69.81004071,45.56933606,24.24070465,71.86,0.801,17.49,19.64,50.25,454.07,19.18644918
"DEND-17-1",0.555843264,0.542012187,48.40270964,17.93562412,2.796225357,16.99073448,1.990740174,70.35052062,42.80624673,27.5442739,71.60552497,0.971,18.0847125,20.30078125,50.58763413,458.525,18.98147466
"DEND-17-3",0.593802544,0.55265524,48.55967513,15.99288145,2.489130147,17.17171717,2.356232782,73.23446328,44.74997851,28.48448477,71.51,0.975,15.93,18.92,48.08,352.58,19.52794995
"DEND-17-5",0.500523802,0.562996614,46.26073606,18.86044294,2.883121106,15.88310038,2.444264757,70.720423,41.99365812,28.72676488,73.63,0.777,20.6,21.44,46.73,507.05,18.32736514
"ELAD-25-1",0.494517559,0.572358725,51.74706113,15.95588505,2.102642953,14.48954697,2.163966805,71.12527828,42.14720571,28.97807257,72.62723453,0.906,18.62375625,22.0377,50.19625604,412.075,16.65351378
"ELAD-25-3",0.517092789,0.545321333,49.99568036,16.97960534,2.704684449,16.43073022,2.412293675,68.30969448,41.73199361,26.57770087,72.46089104,0.949,14.4910875,16.70715625,49.83018073,430.305,18.84302389
"ELAD-25-4",0.597652991,0.531750358,45.82323015,17.19323265,3.230296054,18.8976378,2.051807445,68.46590909,39.51922086,28.94668823,66.98,0.864,18.08,17.85,43.1,347.55,20.94944524
"FNYI-28-1",0.553376498,0.609893025,49.69321151,17.41268967,2.774937433,15.99241466,2.292466383,69.76744186,41.1038752,28.66356666,71.59,1.04,16.77,23,48.08,367.79,18.28488105
"FNYI-28-2",0.613239808,0.590938077,49.92476062,17.92866563,2.852641248,17.16335541,2.034366847,68.86363636,40.72934004,28.13429633,68.3,0.999,19.52,20.24,54.64,412.98,19.19772226
"FNYI-28-3",0.575670786,0.751697856,53.32844217,16.18186856,2.164785622,15.73033708,2.076552037,68.87287025,41.53294454,27.33992571,69.74,0.867,13.89,17.01,58.48,412.77,17.80688912
"FNYI-28-4",0.472617145,0.876535075,56.38265665,14.22895131,2.666531062,16.37279597,1.955289673,71.08433735,44.66452553,26.41981182,71.05,0.638,15.81,16.29,50,346.83,18.32808564
"FNYI-28-5",0.481314324,0.665535305,52.33117724,16.61608406,2.090842399,16.36690647,2.112219315,70.09864365,41.3805576,28.71808604,71.59,0.895,15.09,15.57,58.14,382.76,18.47912579
"GLCA-26-1",0.730718119,0.599022877,47.36299124,19.29550798,3.057127115,16.47840532,3.091211114,67.75288527,38.94655364,28.80633163,72.87,0.752,20.24,20.72,49.02,408.79,19.56961643
"GLCB-26-1",0.633986805,0.585918747,46.22050848,19.81746777,2.5093911,18.43971631,3.212980873,67.01916722,39.29459336,27.72457385,70.94,0.895,18.08,18.56,52.63,414.66,21.65269718
"GLCB-26-2",0.698876754,0.552246752,49.04412259,18.99236384,3.351844361,17.63527054,3.204803546,69.2513369,41.68156116,27.56977574,72.13,0.904,16.29,16.17,45.25,410.34,20.84007409
"GLCB-26-3",0.674176488,0.681502816,49.58068271,18.90371231,2.693233209,18.03818302,3.25749596,70.110957,41.14970273,28.96125428,72.45,0.921,16.77,20.84,47.17,409.97,21.29567898
"GLCB-26-4",0.754202239,0.496297976,44.37488392,17.57262459,2.944098797,19.98722861,2.58893533,69.66292135,41.75624713,27.90667422,69.17,0.91,16.41,18.56,49.26,461.63,22.57616394
"HALS-30-1",0.768261934,0.630665725,46.22241292,17.07396184,2.626477632,19.54022989,2.617641937,65.9137577,38.17883873,27.73491897,69.41,0.924,16.29,20.96,46.95,351.29,22.15787182
"HALS-30-2",0.576650255,0.621945941,50.92204348,18.64295535,2.805899514,18.25396825,3.036105099,71.57825802,43.78580796,27.79245006,70.73,0.938,16.77,17.25,52.63,394.31,21.29007335
"HALS-30-4",0.638286601,0.575434536,48.84132565,18.18570908,3.254469829,18.21730644,2.985361093,69.13669065,40.60120305,28.53548759,70.9,1.067,14.61,16.89,50.51,439.92,21.20266753
"HARB-26-3",0.700904412,0.508826659,48.3058251,19.07027998,2.590153724,17.27989488,3.325946721,70.3014753,41.55505514,28.74642016,72.5,0.687,18.92,19.64,50.25,393.45,20.6058416
"HARB-26-4",0.67808665,0.552463533,49.98687692,18.00520431,3.335840634,18.73417722,3.009982739,67.83783784,39.17777836,28.66005948,71.27,1.065,14.49,17.01,46.95,399.6,21.74415995
"HARC-26-1",0.70494313,0.641641814,52.91441,17.98496858,2.279722087,14.9872449,2.818993506,71.57326131,41.88869341,29.6845679,70.69,1.007,14.97,17.61,54.05,417.61,17.8062384
"HARC-26-2",0.482346742,0.55705524,48.20701586,17.90461527,3.36996238,17.82799749,3.203960509,72.23367698,40.49368008,31.73999689,72.63,0.907,16.77,17.73,48.54,460.73,21.031958
"HARC-26-3",0.511127547,0.509260391,47.74381844,17.81219284,2.859068604,19.4068343,3.240841686,70.49071618,39.37697356,31.11374262,73.23,0.854,17.25,19.88,50,418.34,22.64767599
"HARC-26-4",0.684171874,0.533863223,47.83037491,18.2564765,3.686367065,20.2094886,2.377555593,66.35182999,39.0555202,27.29630979,66.22,0.913,17.96,18.92,46.51,423.01,22.58704419
"HIXN-16-1",0.849781789,0.837088378,51.50660799,18.72703318,3.193448145,14.67889908,2.340922991,67.51552795,39.74678499,27.76874296,65.76,0.937,16.29,17.61,45.87,428.53,17.01982207
"HOMA-21-1",0.894187214,0.747795424,55.85429725,21.00964913,2.59980455,17.23692705,2.768531017,69.90950226,41.43578918,28.47371308,73.34,0.853,19.64,19.76,54.35,442.88,20.00545807
"HOMA-21-2",0.752808621,0.718258954,54.57396803,21.38270167,3.590200222,16.99475066,2.625298258,72.51328778,40.69647462,31.81681315,70.47,0.975,17.49,19.4,50.76,449.73,19.62004891
"HOMA-21-4",0.512745154,0.738425038,60.86590623,16.1016916,2.001433528,15.05791506,1.772698023,71.16898849,45.61229776,25.55669073,69.67,0.925,16.17,18.56,54.35,395.09,16.83061308
"HOMA-21-5",0.679878936,0.686142452,55.02134174,19.67089383,2.942795868,20.57002747,2.899904255,70.83215983,41.9879336,28.84422623,72.02324954,0.935,18.444075,21.37886875,50.29242715,390.775,23.46993173
"HOMB-21-1",0.685486867,0.555325468,49.15731131,20.43307466,3.255670907,19.78575929,2.889328063,70.38327526,38.70534111,31.67793415,72.96,0.787,18.92,18.56,49.02,435.21,22.67508736
"HOMB-21-2",0.711899495,0.53685534,54.42367112,21.38990841,3.672090315,18.92052195,2.791599267,72.59493671,41.71764638,30.87729033,71.85,0.917,15.45,15.81,48.78,406.53,21.71212121
"HOMB-21-3",0.790372324,0.776092783,54.17948114,19.0839338,1.611547497,20.5918619,2.350016814,67.05959398,42.16360406,24.89598991,72.53,1.025,17.37,19.76,51.55,415.38,22.94187871
"HOMB-21-4",0.743567892,0.654117534,49.93016741,20.09804524,2.872306649,18.32593532,2.787657808,67.20707443,39.29311684,27.91395759,72.59,0.878,16.53,19.16,49.26,376.35,21.11359313
"HOMB-21-5",0.675713501,0.648681247,51.58257909,18.92499447,3.272092361,19.54154728,2.703203959,67.16886378,39.80979082,27.35907296,71.42,0.841,17.25,17.61,48.54,359.38,22.24475124
"HOMC-21-1",0.611785096,0.713716484,53.72658634,17.65319042,3.233626378,18.1640625,3.113902699,68.85964912,42.65792346,26.20172566,75.9,0.871,13.53,17.37,50.51,356.14,21.2779652
"HOMC-21-2",0.561056894,0.585501969,54.41435977,21.38253071,3.116029088,17.65755054,2.795130256,68.68371803,41.76799707,26.91572095,72.7,0.932,13.41,19.28,48.78,368.65,20.45268079
"HOMC-21-3",0.635254627,0.644897257,55.9129373,19.69641148,2.615775268,16.80458307,2.395694694,64.51612903,38.69171642,25.82441261,69.14,0.944,20.72,20.24,48.78,385.81,19.20027776
"HOMC-21-4",0.558984292,0.702495503,51.55508724,18.86099955,2.874616038,19.32335719,2.823475484,72.75747508,43.45012842,29.30734666,74.31,0.977,17.37,18.68,47.85,370.03,22.14683267
"HOMC-21-5",0.67383925,0.784527431,53.15985167,19.50572944,3.316977079,17.87994891,3.258533612,68.69446343,40.89770311,27.79676032,75.44,1.033,17.73,18.2,51.02,402.25,21.13848253
"HOMD-21-1",0.746488295,0.600256122,48.54324811,20.05462881,3.192363287,18.38407494,2.865818608,67.29765013,38.32409668,28.97355345,74.38,0.557,15.69,16.77,51.81,438.8,21.24989355
"HOMD-21-2",0.728265447,0.765339883,56.23556373,19.19314492,3.017008751,18.19363223,2.523628094,66.40053227,37.40730125,28.99323101,73.69,0.945,18.2,19.76,45.66,386.06,20.71726032
"HOMD-21-3",0.700388598,0.539644149,49.73175491,20.9195624,4.601546751,20.3003003,2.527927928,68.3046683,39.58455961,28.72010869,70.62,0.829,17.25,18.56,47.39,444.23,22.82822823
"HOMD-21-4",0.726782419,0.603774214,55.73888008,19.83582919,3.598514215,17.38586617,3.00886918,68.39654025,40.06546535,28.33107491,74.3,0.748,15.33,20.24,45.66,462.06,20.39473535
"HOMD-21-5",0.756267375,0.611734072,52.60153559,19.55881341,3.163861841,21.26984127,2.5197114,67.1957672,40.07740738,27.11835982,70.71,0.918,15.93,16.05,48.08,404.52,23.78955267
"HOPF-27-1",0.740789204,0.609109983,53.20295434,19.14210825,3.000167325,17.39397664,2.793876069,69.91920447,42.35560389,27.56360059,74.4,1.055,15.81,15.93,48.54,419.03,20.18785271
"HOPF-27-2",0.733532613,0.74243474,53.00473966,20.33360391,3.468164821,18.93603547,2.511342046,71.10817942,43.60671138,27.50146803,73.12,0.87,18.68,20.36,46.95,373.29,21.44737751
"HOPF-27-3",0.854605839,0.975063276,54.61537927,20.48472319,3.006776124,17.67741935,2.374868035,69.88031915,43.43147657,26.44884258,72.08,0.89,17.96,20.36,49.26,412.34,20.05228739
"HOPF-27-4",0.740020151,0.652514266,55.57566388,19.23713514,3.146421953,17.73236651,2.472703302,71.85534591,43.70858177,28.14676414,72.98,0.976,16.17,17.01,45.05,399,20.20506981
"HOPG-27-1",0.693829477,0.667350297,53.12032556,20.52938472,3.264799155,20.64010451,2.096371949,68.84315117,39.47487493,29.36827624,69.3,0.799,17.37,18.2,51.55,429.78,22.73647646
"HOPG-27-2",0.736233063,0.872128752,51.07371925,19.55129028,3.413649987,19.15962525,2.279461214,67.29088639,39.05963791,28.23124848,70.68282769,1.079,18.0847125,17.72535,50.53727762,415.19,21.43908647
"HOPG-27-5",0.802592534,0.751797671,54.16701192,20.08091097,3.701727252,17.7661659,2.610563506,66.39004149,38.65438642,27.73565507,74.2,0.967,17.96,21.8,47.39,432.23,20.37672941
"HRSO-27-1",0.61889544,0.527689326,55.80565914,20.26938056,3.763638253,17.21938776,2.123579545,72.62532982,43.77360269,28.85172712,71.14,0.906,14.01,17.73,47.17,450.84,19.3429673
"HRSO-27-2",0.869988734,0.712822983,56.68166357,20.44368963,3.992242103,17.89348543,2.270066909,68.25882162,41.17828787,27.08053375,71.11453746,1.131,13.652575,14.610875,48.38144209,416.455,20.16355234
"HRSO-27-4",0.779961636,0.860596938,57.24069379,19.45023384,3.089680798,17.37538949,2.301394592,69.26328266,41.41499874,27.84828392,72.62592985,0.952,15.86864375,19.1628,45.56967281,420.11,19.67678408
"HRSP-27-1",0.779632254,0.720581236,52.844888,21.52274919,3.434163435,17.79497099,2.458267393,67.76602365,39.75068245,28.01534119,74.57,0.86,15.09,16.29,48.78,409.35,20.25323838
"HRSP-27-3",0.740186431,0.659504741,55.68785833,18.82363964,3.596208381,17.40763932,2.60872659,66.45876646,40.0418894,26.41687705,74.19,0.816,13.41,13.65,54.35,352.48,20.01636591
"HRSP-27-4",0.74841328,0.785145644,55.61829978,19.69766584,2.92765072,18.87252318,1.925447192,70.78218843,43.04877585,27.73341258,68.89422414,1.01,16.048325,19.1628,43.7638857,434.875,20.79797037
"JASP-30-1",0.689052627,0.846156565,54.56789791,18.75226499,2.974688246,19.16398714,2.271090324,70.1215611,42.4994362,27.6221249,74.77,0.947,16.53,20.12,45.25,391.64,21.43507746
"JASP-30-3",0.893710016,0.649849559,48.8274422,18.75225755,2.804284583,18.84438608,2.356563004,65.82278481,38.67947221,27.1433126,68.13,0.85,15.09,18.44,50.51,414.6,21.20094908
"JASP-30-4",0.719095165,0.856304165,59.55357501,16.10139725,1.945997275,16.56565657,2.229599021,71.00977199,44.40643036,26.60334163,71.09,0.969,18.8,20.84,52.08,442.15,18.79525559
"JEFF-30-1",0.774959333,0.665195643,52.06404731,19.48935125,2.624317147,17.57656458,2.86212323,68.54237288,42.71102791,25.83134497,73.46,0.938,19.4,21.56,49.02,453.19,20.43868781
"JEFF-30-2",0.808268578,0.682537028,53.29447739,19.46216037,2.993212348,18.46537742,3.079623433,67.81362007,41.53215007,26.28147,73.77,0.999,17.25,16.53,50.25,361.71,21.54500085
"JEFF-30-3",0.69976974,0.672382017,52.21708553,18.90060713,3.287096225,19.48717949,2.224271562,73.31887202,40.79678614,32.52208588,74.62,0.936,20.48,19.88,48.54,399.61,21.71145105
"JEFF-30-4",0.727584143,0.635780418,49.62448778,19.01108674,3.066535595,20.65848935,2.316333118,66.90694626,39.14338208,27.76356419,67.83,0.753,11.86,18.08,45.87,387.58,22.97482247
"KIMB-16-1",0.85697095,0.646300948,50.27372363,19.80564364,2.865769067,18.96103896,2.910301063,71.28005198,44.03445407,27.24559792,68.91,0.884,17.49,20.12,46.08,408.79,21.87134002
"KIMB-16-2",0.450447347,0.831571594,58.93866406,13.97845061,2.021558168,15.22742254,1.866243183,70.77747989,45.50179383,25.27568606,72.14,0.916,17.73,20.6,50.25,429.63,17.09366573
"KIMB-16-3",0.556641284,0.52687289,54.14785707,17.6044223,3.14454376,18.98577613,1.69716647,70.60402685,44.98559198,25.61843487,66.18,0.777,16.53,17.13,45.66,396.88,20.6829426
"KLNA-20-3",0.763069382,0.779476171,53.91644529,17.55994182,2.715282505,17.67323586,2.348783448,68.78751501,42.85686781,25.9306472,70.55,0.978,17.13,21.44,58.14,465.58,20.0220193
"KLNA-20-4",0.847189624,0.55034425,49.50966227,18.73790151,3.640655789,17.96875,2.617039536,67.34160679,39.85402113,27.48758566,70.34,1.044,16.17,21.56,48.08,443.91,20.58578954
"KLNA-20-5",0.658500416,0.533882517,51.57646249,18.67285976,3.799721542,19.5855615,2.271906903,68.36388323,42.11715186,26.24673137,67.21,0.945,16.53,18.2,47.17,426.59,21.8574684
"KLNB-20-2",0.530882255,0.458867834,52.23826755,18.22160867,3.167109392,18.84615385,2.694055944,68.10584958,40.26811902,27.83773056,72.86,1.033,19.76,19.52,51.02,418.52,21.54020979
"KLNB-20-3",0.699577272,0.637675098,49.91462816,18.65015147,3.070636596,18.67638811,2.476724621,68.07747489,40.98658637,27.09088852,69.04,1.006,17.96,20.24,47.62,390.89,21.15311273
"KLNC-20-2",0.660850211,0.477813642,46.94981873,17.99259756,2.564718268,17.4573055,2.590822839,72.60273973,43.79192772,28.81081201,74.58,0.902,20.84,20.84,52.63,398.33,20.04812834
"KLND-20-1",0.801970677,0.578025256,50.97188411,19.45147072,2.935539725,17.48942172,2.956468778,69.82813495,42.58446286,27.24367208,73.48,0.86,16.77,20.84,50.76,432.93,20.4458905
"KLND-20-2",0.63212744,0.747958186,46.65703638,18.33721501,2.802294168,18.02973978,2.27681086,63.14496314,35.58272951,27.56223363,71.06,0.905,20.36,22.76,56.82,458.7,20.30655064
"KLND-20-3",0.918819153,0.635429166,49.62639824,19.68422387,3.303348257,19.34357542,2.798343068,67.01388889,37.89981158,29.11407731,71.81,0.827,17.85,17.25,52.36,399,22.14191849
"KLND-20-5",0.658436777,0.642584444,47.2610705,18.85507583,3.243932013,18.86073807,2.631438741,67.68348467,37.78846214,29.89502254,73.79321231,0.775,18.923225,19.58205625,52.63741135,421.725,21.49217681
"KLNE-20-1",0.97139764,0.61845667,47.09623778,18.53386025,2.776379662,18.5619956,3.103381578,69.6929239,41.29627421,28.39664969,73.96,0.84,16.77,20.36,46.51,403.05,21.66537718
"KLNE-20-2",0.671300443,0.627501676,51.66151261,18.5567954,2.786744948,18.64150943,2.766312178,67.77702243,39.44111325,28.33590918,72.58,0.812,20.12,21.56,46.51,418.45,21.40782161
"KLNE-20-3",0.881304971,0.663588309,49.87351075,19.83270815,3.75822699,18.24034335,2.481271947,68.52531181,39.77783214,28.74747968,68.37,0.823,18.44,20.48,50.76,425.39,20.72161529
"KLNE-20-4",0.418221111,0.229258653,44.77481304,17.21608508,3.227301755,17.87531807,2.358923201,72.43172952,39.80018846,32.63154105,74.23,0.965,19.64,19.16,47.17,370.57,20.23424127
"KLNE-20-5",0.680025589,0.906334843,53.71300671,16.28186854,2.443970751,16.90054912,2.02776083,71.02803738,45.19047899,25.83755839,72.03,1.053,17.37,20.6,44.84,483.56,18.92830995
"KLNG-20-1",0.816226257,0.564027975,44.68185219,18.10825778,3.146797769,17.18146718,2.427284427,69.4531741,40.88539055,28.56778356,69.03,1.076,16.41,19.16,52.36,432.19,19.60875161
"KLNG-20-2",0.624264874,0.601921466,47.21559991,16.54560753,3.204894964,19.12848294,2.038532233,68.16870248,41.66668089,26.50202158,71.64835225,0.941666667,16.048325,19.44230417,48.98140916,335.22,21.16701517
"KLNG-20-4",0.752544386,0.547863903,49.88326818,17.11569309,2.840066071,14.25219941,2.669128232,75.2027027,43.70825924,31.49444346,72.62,0.838,19.4,20.36,49.5,377.63,16.92132765
"KLNG-20-6",0.623188203,0.529164008,47.38351647,17.25746831,2.990719301,17.37346101,2.437010322,70.93333333,42.53533152,28.39800181,68.7,1.035,15.57,18.56,46.08,374.73,19.81047133
"KLNG-20-7",0.642406282,0.56266843,48.03122202,17.17819443,3.09436396,15.87403599,2.774888993,68.95403065,43.2928888,25.66114184,72.37,0.898,18.32,17.61,42.92,404.26,18.64892498
"KTMA-12-1",0.816404185,0.869544034,52.07734379,18.53103893,3.844088135,17.6784523,2.55540057,68.37041491,42.3154841,26.05493082,69.79,0.986,18.56,18.68,49.75,408.09,20.23385287
"KTMA-12-4",0.637157768,0.353931265,51.83673442,19.15023291,2.340637365,19.10466583,2.378310214,64.1495042,38.32224271,25.82726149,69.2,0.63,20.84,24.67,51.81,478.38,21.48297604
"KTMC-12-3",0.537921388,0.477432633,52.8012462,18.75350005,2.579664215,15.83442838,2.55937164,74.53066333,43.1369253,31.39373803,71.01,0.905,19.28,19.28,48.78,386.65,18.39380002
"LAFY-30-1",0.611623491,0.849084718,50.54369613,17.88783203,2.929777352,20.69857697,2.625808538,65.3624118,38.99266956,26.36974224,69.34,0.92,16.65,20.6,45.25,320.42,23.32438551
"LAFY-30-2",0.776697493,0.883003866,50.82192865,20.06741575,2.034599379,16.10223642,2.597269823,68.09256662,41.29186276,26.80070386,67.53,0.96,19.16,20,45.05,399.18,18.69950624
"LAFY-30-3",0.517532151,0.607922015,52.14258698,16.2781825,2.015065271,18.40052016,2.805325689,66.14785992,38.67131556,27.47654436,69.1,0.96,14.61,16.29,45.87,366.96,21.20584584
"LILA-26-2",0.598027723,0.626859065,49.64112075,20.81291003,2.970824469,18.0564675,2.828150182,66.66666667,38.22717034,28.43949632,68.9,0.972,19.04,21.08,51.28,425.3,20.88461768
"LILA-26-4",0.603924895,0.508566475,50.54109174,21.95877154,2.592711259,16.84958037,3.019602089,71.16077866,41.01032691,30.15045175,72.4,0.907,18.56,18.8,46.95,372.74,19.86918246
"LILA-26-5",0.510015815,0.428114727,49.59963478,19.6444462,2.738720228,17.29660474,3.320540446,69.3000693,38.35505831,30.94501099,74.57,0.918,14.73,18.8,46.51,389.21,20.61714519
"LILB-26-1",0.686861875,0.567245554,48.26533556,19.54491341,2.490354999,17.8614098,2.427527968,71.31560029,40.84533378,30.47026651,67.82,0.946,18.44,17.85,44.25,416.72,20.28893776
"LILB-26-2",0.591445776,0.602227194,46.90800023,18.80082611,2.757555826,18.65524061,2.94615569,69.71504307,43.87136294,25.84368013,73.36,0.854,18.68,18.8,45.87,367.16,21.6013963
"LILB-26-3",0.611553529,0.69810666,51.79625294,20.15527123,2.432121663,17.03947368,2.355711722,68.7585266,40.14478517,28.61374143,69.6,0.942,18.92,18.68,49.5,443.37,19.39518541
"LILB-26-4",0.61034799,0.671868682,48.87861581,18.86144833,2.719958067,18.21192053,2.72372065,67.46835443,40.18195481,27.28639962,70.1,0.823,19.04,22.04,49.26,378.02,20.93564118
"LILB-26-5",0.536013143,0.590388581,50.76517185,19.0941462,2.904179024,16.6560712,2.942957869,70.65637066,40.74339511,29.91297555,72.78,0.932,18.68,19.28,45.66,352.92,19.59902907
"LILC-26-1",0.538163188,0.659031998,40.66209448,13.91230467,1.901606843,17.65860039,2.004072775,69.1166989,40.05885283,29.05784607,71.18,0.829,17.61,20,44.64,385.81,19.66267317
"LILC-26-2",0.76393047,0.716373063,48.96549899,20.01999156,3.040011462,17.99870045,2.903361096,70.48231511,39.41155149,31.07076363,72.33,0.635,18.68,18.8,46.08,377.71,20.90206155
"LILC-26-3",0.63597757,0.488934682,48.54626877,20.33699928,3.321614157,19.40768746,3.266139657,68.82566586,38.56620202,30.25946384,73.02,0.716,19.04,18.8,49.02,402.04,22.67382712
"LILC-26-5",0.538205987,0.674015515,51.90731998,18.7135535,2.542771218,17.70963705,3.163841165,68.4418146,38.2083849,30.23342969,73.6,0.771,17.73,21.56,47.17,376.08,20.87347821
"LILD-26-3",0.445604528,0.606183711,53.44011728,18.60029472,3.10052913,16.99554424,2.993952896,69.58333333,42.95127482,26.63205851,73.64,1.031,17.49,19.76,46.51,428.41,19.98949714
"LNZK-28-2",0.547817761,0.488118935,52.15526184,20.02625456,3.149721497,18.61219196,2.603466572,69.50032446,42.01202825,27.48829621,70.11,0.865,17.61,19.28,45.87,403.2,21.21565853
"LNZK-28-3",0.45434121,0.378859108,44.90742265,18.2394415,2.449321745,18.85676741,2.341625851,69.78776529,40.7832083,29.00455699,69.34,0.867,17.37,16.17,46.51,375.44,21.19839326
"LNZK-28-4",0.460436586,0.359470157,52.40399995,18.75221785,3.461155215,19.25545571,3.08268176,67.24832215,40.42280803,26.82551412,73.82,0.899,18.32,17.37,50.76,387.07,22.33813747
"LNZK-28-5",0.572651879,0.625429848,46.06790242,15.7156893,2.55502752,16.6442953,2.635387431,70.22742936,42.73948373,27.48794563,72.79,0.867,18.08,18.8,45.25,378.89,19.27968273
"LONG-29-1",0.624801522,0.666620456,48.1433285,17.27808196,2.38098622,18.33648393,2.258234519,71.71314741,43.5532246,28.15992281,69.82,0.927,14.97,20.48,49.5,455.02,20.59471845
"LONG-29-2",0.552543676,1.04918335,58.91930382,13.87926584,2.404144569,15.92105263,2.016626794,73.89937107,48.14297564,25.75639543,73.96,0.949,16.05,20,53.19,515.16,17.93767943
"LONG-29-4",0.554712223,0.512725352,47.49090714,18.14431671,2.835359082,22.05755892,1.769591955,68.32855322,41.25564999,27.07290323,63.77477013,0.882,14.55098125,17.18630625,47.39814441,352.205,23.82715088
"MCFA-20-1",0.512645767,0.435634337,50.28551807,19.9236444,2.861234758,18.04560261,3.197660646,70.78651685,42.82382853,27.96268833,75.12,0.901,17.73,19.64,47.39,406.16,21.24326325
"MCFA-20-2",0.476199958,0.424909025,42.88728953,15.3089379,2.215618319,17.82051282,2.127768065,69.96221662,42.7550379,27.20717873,71.07,0.987,16.53,20.84,49.02,427.26,19.94828089
"MCFA-20-3",0.546957211,0.689637639,44.90056712,17.86108711,2.703107142,18.67549669,3.15436484,71.62162162,42.14602458,29.47559704,74.45,0.966,17.25,18.68,49.5,415.92,21.82986153
"MCFA-20-6",0.399774177,0.447636708,47.13871703,16.46437052,2.572695765,19.93442623,2.117645306,70.31736154,43.36387336,26.95348819,68.05,0.975,16.65,18.44,47.39,381.43,22.05207154
"MCHA-19-3",0.459814144,0.513764654,51.54042704,18.01440295,2.643373536,19.47803947,2.784995081,70.18450185,41.93295227,28.25154957,72.81,0.888,17.96,19.4,49.02,396.62,22.26303455
"MCHA-19-4",0.421127576,0.459717331,51.95034487,18.22555611,3.276009981,19.40298507,2.456037992,69.64520368,42.7879837,26.85721998,69.43,0.878,20.12,19.28,48.08,427.83,21.85902307
"MCHA-19-5",0.407975567,0.374029094,48.90888692,19.10105342,3.707676353,19.60154242,2.36503856,65.05415162,40.73442881,24.31972282,69.62,0.892,19.52,18.56,43.67,422.6,21.96658098
"MCHB-19-1",0.540042813,0.535898193,47.32539529,15.9919982,2.588641898,20.03780718,2.662055336,70.59214904,43.44034362,27.15180542,72.03,0.997,19.16,17.96,53.76,397.98,22.69986252
"MCHB-19-2",0.456569524,0.52749239,52.02286987,17.57793644,2.414968053,18.79549967,2.576619939,74.17900837,41.41109434,32.76791403,72.87,0.674,21.32,22.28,55.25,414.45,21.37211961
"MCHB-19-3",0.527250604,0.77852784,47.10160534,15.83815964,2.44887779,19.73421927,2.578556327,68.73368146,39.83404757,28.8996339,71.65,0.994,17.25,19.04,49.02,404.48,22.3127756
"MCHB-19-4",0.468234559,0.399804835,46.99431743,16.59942692,2.880392821,18.39228296,3.079888921,70.18673535,43.41462779,26.77210756,75.8,1.024,15.57,20.84,50.25,425.5,21.47217188
"MCHB-19-5",0.58779886,0.578012054,47.79826123,16.48883854,2.748354053,18.72391175,2.016723586,66.12779061,40.60519416,25.52259645,67.81,0.9,18.44,20,47.17,405.39,20.74063533
"MCMN-27-3",0.73105887,0.73577929,47.07404456,18.11359356,3.178524227,20.51612903,2.229853372,65.27777778,37.65549071,27.62228706,67.59,0.764,14.25,16.53,47.85,388.19,22.7459824
"MCMN-27-5",0.566970747,0.721744798,50.06578459,16.97839284,2.745452668,18.20529374,2.279887317,65.94488189,41.13671639,24.8081655,71.09,0.811,20.84,20,51.28,460.21,20.48518106
"MEMA-28-1",0.459112056,0.330596337,43.6559115,17.025157,2.596741285,18.89714994,2.233412189,71.76541717,41.5564791,30.20893807,70.75,0.838,18.92,22.76,44.25,367.83,21.13056213
"MEMA-28-3",0.489096843,0.721507323,49.08862982,17.393663,2.718832122,16.94610778,2.44586282,68.15642458,36.9121799,31.24424468,71.9,0.912,23.36,23.36,54.05,385.91,19.3919706
"MEMA-28-4",0.530328984,0.68171553,49.6830543,17.34716441,2.636460014,20.54533925,2.367354586,73.74413932,43.56204499,30.18209432,71.45,0.98,18.44,18.2,45.66,362.07,22.91269384
"MEMA-28-5",0.61622516,0.902069786,52.91789569,16.65711375,2.193003747,14.26900585,3.029372674,71.52020526,43.59634061,27.92386465,74.33,0.81,18.68,20.48,56.5,396.71,17.29837852
"MTSM-27-1",0.550293276,0.711248739,43.51312547,15.97798451,2.673364179,17.94196653,1.905746024,70.83067319,40.88172886,29.94894434,73.39905428,1.023,16.94673125,19.64195,47.16981132,391.05,19.84771255
"MTSM-27-3",0.646319826,0.929404955,52.31891976,15.6262653,2.625870072,18.48580442,2.629796387,70.12417823,42.49319244,27.63098579,68.28,0.961,18.56,21.2,43.86,394.94,21.1156008
"MTSM-27-5",0.522877506,0.510401306,46.55908051,15.97557618,2.70072738,18.75816993,1.864735591,68.76295784,43.23576723,25.52719061,70.33,0.982,21.2,21.68,53.48,381.45,20.62290553
"NBON-29-1",0.571215291,0.822609669,54.25613791,18.36804688,2.127215602,18.83604506,2.715041529,68.82591093,42.29989993,26.526011,73.84,0.928,15.81,17.61,47.17,376.85,21.55108659
"NBON-29-2",0.639448661,0.823648341,52.45173714,18.33903135,2.968376019,17.78606965,2.647444595,71.18758435,42.83779914,28.3497852,67.51,0.966,13.17,21.44,44.84,405.64,20.43351425
"NBON-29-4",0.739059945,0.954500199,48.53094858,19.10162839,3.015807397,20.7840697,2.321858913,67.5862069,39.80137122,27.78483568,67,0.652,19.04,19.04,48.54,322.82,23.10592861
"NECA-14-1",0.595707923,0.549603764,49.81887721,19.75733046,3.421821774,20.0893029,2.04994791,68.21347032,39.67695601,28.53651431,67.3574274,0.8965,16.34779375,20.2408875,48.44915771,366.47,22.13925081
"NECB-14-6",0.666689782,0.55185504,47.20508365,18.65448396,2.470910084,18.54830156,2.186953355,65.46989311,39.25260561,26.2172875,67.32169952,0.681,19.46226875,20.839825,46.62232655,463.835,20.73525492
"NHTA-27-2",0.714303789,0.661556904,51.54208596,17.76995474,2.81322146,18.08318264,2.274919174,68.03218727,40.56207678,27.47011049,69.26,0.859,24.55,25.51,46.08,422.12,20.35810181
"NHTA-27-3",0.563346043,0.836836521,55.18256301,20.29787751,3.39511699,17.40448757,2.4186835,66.73497268,40.47031991,26.26465276,70.49,1.03,18.08,22.16,48.54,409.3,19.82317107
"NHTB-27-2",0.527607491,0.546365225,56.15177513,17.91776548,2.739556945,19.80456026,2.525436778,68.43636364,41.98024071,26.45612293,70.11,0.774,17.25,20,46.51,357.44,22.32999704
"NHTB-27-3",0.512877021,0.523712378,54.09546175,21.67383891,3.266245587,18.2756527,2.748523486,64.63492063,37.29796994,27.33695069,71.6,0.948,21.56,23.83,55.25,429.42,21.02417619
"NHTB-27-4",0.494648275,0.146584662,49.1117916,19.0230017,2.208521498,18.17589577,2.860527095,70.77409163,41.33865929,29.43543234,75.06,0.847,18.92,20.24,52.63,428.1,21.03642286
"NHTB-27-5",0.583749908,0.425667606,53.60809634,19.87820288,3.34373344,18.54005168,2.498825464,66.38977636,39.44088207,26.94889429,71.28,0.965,18.92,19.88,53.19,388.11,21.03887714
"NPLN-30-3",0.532657023,0.328545677,53.59936481,21.10007079,3.397813476,18.02788845,3.047854038,65.09884117,37.39241225,27.70642892,68.4,0.884,18.92,20.12,43.29,352.66,21.07574248
"NPLN-30-4",0.502187447,0.447315562,54.25916264,20.2329979,3.356980902,19.4511629,2.799640018,66.08959729,38.98368235,27.10591494,71.53197225,0.966,17.42588125,18.86333125,46.9856396,449.045,22.25080292
"PHLA-22-1",0.597415358,0.45404265,48.73926901,20.28796812,3.706923871,20.29262087,2.817805922,72.62059974,41.41271296,31.20788678,68.51,0.848,20.24,20.24,47.85,385.18,23.11042679
"PHLA-22-2",0.639165399,0.426051503,50.37930057,21.70049876,3.513380436,15.23309258,3.385542888,69.797145,40.23415272,29.56299229,71.52,0.833,18.68,22.52,47.62,371.48,18.61863547
"PHLA-22-3",0.51729319,0.367465983,49.96409442,19.80150832,2.94067366,18.7537092,3.074939304,71.40893471,39.44015864,31.96877607,71.98,1.034,19.4,20.6,45.05,358.25,21.8286485
"PHLA-22-4",0.526713485,0.270843693,48.5475193,19.1873856,3.129871332,18.49405548,2.954755614,71.04642014,41.22090317,29.82551697,71.92,0.871,17.73,20.36,48.78,398.89,21.4488111
"PHLA-22-5",0.5766838,0.365761597,48.41033472,20.4007115,3.375024174,18.71419478,3.407210231,71.66262136,41.47327202,30.18934933,73.1,0.906,18.2,18.32,49.75,402.62,22.12140501
"PHLC-22-1",0.444767742,0.741767783,59.78504625,15.88288169,2.642687488,17.69276748,2.815790904,72.66754271,43.16705338,29.50048932,70.53,1.058,15.09,16.89,61.73,413.33,20.50855839
"PHLC-22-2",0.467340943,0.529470182,55.75470195,19.91373973,2.921049836,16.69966997,3.130153015,70.80139373,41.80855005,28.99284368,71.95,0.946,18.08,18.44,54.05,463.45,19.82982298
"PHLC-22-3",0.476969276,0.283671727,46.84035835,17.63708295,3.228631922,19.28665786,2.835294824,68.5136897,40.79560539,27.71808431,69.79,1.07,17.61,22.04,48.54,403.46,22.12195268
"PHLC-22-4",0.425786232,0.71464203,56.72491726,17.42855106,2.693946514,16.33311814,2.899465931,69.03589022,44.41147813,24.62441209,69.98,0.996,19.64,20.72,50.51,371.42,19.23258407
"PHLC-22-5",0.510129344,0.748631977,48.79732879,20.67196899,3.228027186,19.40667491,3.107933476,68.69257951,38.89639935,29.79618015,69.76,0.848,20.6,22.88,45.45,381.7,22.51460838
"PITS-29-1",0.522529166,0.847620035,52.00553439,19.71916899,3.137250489,18.28477042,2.94670821,70.63545967,40.65609452,29.97936514,69.38018378,0.8934,19.5221625,20.88774,49.94881634,406.576,21.23147863
"QAUS-16-1",0.531656113,0.571227152,50.74559478,16.60274948,2.490814227,17.44791667,2.758611506,68.37820914,42.48851441,25.88969473,71.77,0.912,18.44,18.2,53.76,448.67,20.20652817
"QAUS-16-3",0.536251339,0.160318558,47.30609358,16.98414356,2.944206955,18.78594249,2.967354052,66.89993002,42.01760814,24.88232188,73.91,0.928,18.8,19.28,54.64,435.79,21.75329654
"QAUS-16-7",0.602247532,0.69840889,53.14927072,17.40901519,2.378367016,18.1097158,2.638857177,69.79038224,44.59196655,25.1984157,70.03,0.91,20.48,20.84,57.14,402.38,20.74857297
"QBKR-16-3",0.558891417,0.531213662,54.7973751,20.61614187,3.99661265,16.31513648,2.992386646,67.26457399,39.73625456,27.52831943,72.66,0.908,18.44,21.32,46.08,397.74,19.30752312
"QBKR-16-5",0.588034403,0.855816362,50.98957159,20.16668503,3.76322539,18.90012642,3.50048845,70.03942181,38.94818483,31.09123699,74.45,0.866,19.16,20.96,48.31,436.34,22.40061487
"QCTN-16-1",0.548650848,0.665689966,44.14913134,19.06387754,3.067502118,18.56010568,2.822865378,68.17558299,38.00738321,30.16819978,71.1,0.707,17.49,17.96,46.3,449.46,21.38297106
"QCTN-16-3",0.567656076,0.913514235,52.13908155,15.93311922,2.271542988,15.53784861,2.830224556,69.68232044,42.93910177,26.74321867,74.6,0.788,18.08,17.96,52.36,396.79,18.36807316
"QCTN-16-4",0.51094584,0.617169776,47.43691359,18.44114534,3.414408969,19.94801819,2.512759171,67.2392638,39.16774559,28.07151821,71.47,0.891,17.37,18.44,48.78,355.57,22.46077736
"QFRS-16-1",0.519712482,0.580921965,48.76543256,17.13289298,2.826229416,17.82304265,3.073809386,69.44074567,42.13361232,27.30713335,73.46,0.891,20.6,19.52,52.08,445.61,20.89685203
"QFRS-16-2",0.570833064,0.235165406,46.91470274,18.0076671,3.409060877,16.27009646,2.743057586,73.5698769,44.30552272,29.26435418,73.86,0.875,19.4,19.4,44.64,374.72,19.01315405
"QFRS-16-4",0.5529369,0.229893183,47.98769381,17.33173272,2.856738338,17.7503251,2.634708594,69.61946351,38.7080718,30.9113917,70.31,0.95,17.37,18.56,44.25,358.47,20.38503369
"QLKE-16-1",0.615389996,0.38829945,45.6828438,17.45176181,2.6845862,18.97570584,2.410105653,68.74536006,41.31779528,27.42756478,68.41,0.794,16.53,17.25,42.37,423.18,21.3858115
"QLKE-16-2",0.540697808,0.499167134,50.69636196,16.40046747,3.050426836,18.82736156,2.911607936,68.89495225,41.91860436,26.9763479,76.65,0.584,18.68,17.73,54.35,404.27,21.7389695
"QLKE-16-3",0.60718131,0.321084469,49.57611709,18.02411079,3.164038944,23.13829787,2.585831721,66.20462046,38.39008402,27.81453644,64.47,0.831,15.93,19.04,45.05,367.61,25.72412959
"QLKE-16-4",0.618428784,0.81221579,46.31829376,16.95543913,2.736565222,18.15772034,2.548858365,68.18486269,42.5063701,25.67849259,70.01,0.857,18.68,19.04,43.86,353.39,20.70657871
"SHEL-15-1",0.474949527,0.354019139,52.3471065,17.38316774,2.800196974,17.85252264,2.853698695,72.1947777,44.07272448,28.12205322,71.45,0.94,17.37,20.36,55.25,361.69,20.70622133
"SHEL-15-2",0.570531709,0.392749356,48.23619513,19.64663352,3.537520594,17.41977734,2.658480681,71.04353836,40.37888982,30.66464853,72.46,0.785,19.16,18.32,45.66,412,20.07825802
"SHEL-15-3",0.540900419,0.473612477,52.37914835,16.14503499,3.34487823,17.28472659,2.809079481,66.24737945,39.42957879,26.81780067,70.53,0.978,17.37,19.52,52.36,420.87,20.09380607
"SHEL-15-4",0.628817434,0.453832166,56.3471854,16.95392485,3.349736672,15.60730019,3.171548716,70.18950437,43.87038095,26.31912342,74.68,0.99,18.92,20.12,59.52,413.13,18.7788489
"SHEL-15-5",0.412327261,0.302308721,49.99678351,19.83972778,2.442976466,18.32335329,2.498448557,70.22792023,41.58326276,28.64465747,69.8,0.754,21.2,20.24,53.76,411.94,20.82180185
"SHEL-15-6",0.505582899,0.302999015,51.45652198,18.8426736,3.904264575,18.0715198,2.854638337,68.35883171,41.76504614,26.59378557,71.04,0.884,19.76,20.84,46.73,371.73,20.92615813
"SKNN-10-2",0.646067755,0.586240332,51.88545376,18.53661404,3.371086916,19.21052632,2.914892344,69.66220523,40.5265393,29.13566593,68.62,0.837,20.24,20.12,44.44,408.27,22.12541866
"SKNP-10-8",0.510706914,0.336734487,49.23097649,18.39167407,3.300329583,22.40143369,2.608640165,67.80275562,38.84155485,28.96120077,65.91,0.877,18.2,19.88,48.08,356.73,25.01007386
"SKWA-24-2",0.519342685,0.196506666,47.840988,19.21406993,3.605326683,17.64327109,3.057601124,70.09735744,40.76435089,29.33300655,71.7,0.901,18.08,18.32,48.78,418.06,20.70087221
"SKWA-24-3",0.607391297,0.399900284,47.58066345,19.73166987,3.436919119,19.39355654,3.214954344,70.0238379,39.99910996,30.02472794,72.26,0.901,17.96,19.04,51.02,394.53,22.60851088
"SKWA-24-4",0.535795737,0.398383285,47.12109795,20.25817164,3.181105182,18.89230769,3.058517483,71.84986595,40.01050044,31.83936551,72.23,0.796,18.8,18.2,52.36,424.14,21.95082517
"SKWA-24-5",0.479668813,0.19056284,48.81309493,18.03011836,3.183270088,19.44990177,2.7509079,70.09536785,41.52576427,28.56960358,68.23,1.034,17.49,18.8,49.02,390.52,22.20080967
"SKWB-24-2",0.580035131,0.554701303,53.03743936,19.54667059,2.777776567,18.5282523,2.95708398,71.58590308,43.09877694,28.48712615,69.12,1.061,20.96,23.59,49.75,394.06,21.48533628
"SKWB-24-3",0.590184024,0.248525235,47.84144164,18.73614778,3.458394789,17.73142112,3.144541899,66.7721519,38.78603786,27.98611404,72.91,0.809,19.28,22.16,51.55,413.32,20.87596302
"SKWB-24-4",0.5369234,0.130420271,47.27665727,20.55971804,3.792229977,18.9206762,3.150638373,72.37099935,40.48517503,31.88582432,71.97,0.842,19.04,22.52,47.39,449.99,22.07131458
"SKWC-24-1",0.519260219,0.399686837,52.04352238,19.76283209,3.359601916,18.00643087,3.243262204,71.75102599,42.56783536,29.18319063,71.46,1.007,18.8,20.24,49.02,378.4,21.24969307
"SKWC-24-3",0.488425124,0.119011585,47.77233578,20.43084214,3.281349292,18.55053191,2.986913685,67.92899408,39.92261793,28.00637615,68.2,0.899,18.68,19.64,46.3,425.98,21.5374456
"SKWC-24-4",0.591983238,0.365997757,49.24036042,20.51793147,3.746123064,18.29710145,3.251893939,70.56179775,39.8284,30.73339775,70.86,0.905,18.68,19.4,49.75,413.1,21.54899539
"SKWD-24-3",0.563315251,0.179982946,55.05779475,21.23748542,3.394099951,18.7088274,2.879476584,64.98951782,37.59403561,27.39548221,70.22,0.954,21.08,21.92,46.95,383.4,21.58830399
"SKWD-24-4",0.406986893,0.111236952,52.60562611,20.24082774,3.669585131,15.59343434,3.524449036,68.90282132,42.06966871,26.83315261,74.32,0.946,19.04,20.48,51.02,401.88,19.11788338
"SKWD-24-5",0.414678712,0.457974977,53.44050542,17.8567097,3.150739724,15.7635468,3.292795567,72.03667322,44.75425402,27.28241919,74.42,0.924,19.52,21.08,51.02,424.61,19.05634236
"SKWE-24-1",0.518850524,0.244576548,50.91933371,19.54077325,2.266188509,17.24590164,3.211087928,68.71325931,41.1010798,27.61217951,70.98,0.935,20.6,19.4,53.76,432.65,20.45698957
"SKWE-24-3",0.475172186,0.134431966,45.81504188,20.52893988,2.997748936,19.87616099,2.918857304,67.44047619,37.96463711,29.47583908,73.63,0.8,19.16,20.84,50.25,403.22,22.79501829
"SKWE-24-4",0.490733051,0.168100565,49.68892466,18.30186175,3.397569067,19.87538941,2.481081847,65.97717546,38.74319487,27.23398059,70.08,0.975,20.24,24.55,51.28,428.93,22.35647125
"SKWE-24-5",0.503868466,0.259465344,51.16122104,21.04703629,3.747692925,17.6879343,2.624533395,69.94468347,40.51137769,29.43330578,71.62,0.936,18.44,19.76,47.62,371.62,20.3124677
"SKWF-24-2",0.485126475,0.280915157,51.88834156,20.17317925,3.356293547,18.95341417,2.876834716,69.33823529,40.03277255,29.30546275,75.32,0.89,22.88,24.67,48.54,442.4,21.83024888
"SKWF-24-3",0.465069535,0.212319129,50.86112799,19.58250789,2.546254323,19.22077922,2.695100354,69.80292435,42.59043685,27.2124875,73.99,0.93,19.16,23.24,51.81,437.91,21.91587957
"SKWF-24-4",0.605432716,0.242074265,51.03434613,20.3099885,3.552268082,19.66255678,2.607191316,70.29085873,40.88166122,29.40919751,73.74,0.897,21.8,23.59,48.08,387.25,22.2697481
"SLMB-28-1",0.486542159,0.322271991,53.01182375,18.83966587,2.748397694,19.66473243,2.588359416,67.93802145,40.08074684,27.85727462,72.46,1.059,18.08,18.56,54.95,414.73,22.25309185
"SLMB-28-2",0.557060673,0.211936027,49.01525616,19.59814563,2.805906425,17.70901909,2.84592136,69.13229018,39.35464656,29.77764363,75.19,0.973,17.96,19.16,49.5,391.31,20.55494045
"SLMB-28-3",0.597152388,0.473439986,55.62557625,18.88660119,2.991642034,19.46564885,2.696102244,66.85198054,39.36624673,27.48573381,74.18,0.938,16.53,23,56.82,361.64,22.1617511
"SLMC-28-1",0.497411029,0.24878136,50.02112336,18.78263352,3.379932395,20.24901704,2.377963779,66.9869983,38.41472293,28.57227538,69.8,0.983,18.92,19.64,48.08,346.54,22.62698082
"SLMC-28-2",0.470707101,0.131193184,51.73445089,19.07640994,3.297304657,19.78643216,2.550593878,68.97274633,39.31958034,29.65316599,73.01,1.011,16.77,22.04,46.3,386.98,22.33702604
"SLMC-28-3",0.486032604,0.195816823,51.75243133,19.01945856,2.823834646,20.35851472,2.646432313,70.56686047,40.13968746,30.42717301,72.71,0.887,17.85,19.4,43.86,362.95,23.00494704
"SLMD-28-1",0.463461245,0.460206326,47.8845393,16.98311053,2.367514617,19.15393655,2.079238329,65.72036906,36.71699308,29.00337598,72.73,0.894,17.73,20.24,51.02,378.4,21.23317487
"SLMD-28-5",0.493189059,0.177041599,54.2101898,19.50917659,3.081925234,19.07552083,2.473425663,69.83282675,40.02577186,29.80705488,70.61,0.842,17.73,18.32,46.73,348.42,21.5489465
"SQMA-25-1",0.5254667,0.394903059,58.491926,24.21967612,3.934495698,19.82378855,2.422507008,68.92405063,39.19190571,29.73214492,70.98,0.917,19.52,22.28,51.02,414.73,22.24629555
"SQMA-25-4",0.468643286,0.367912309,53.3464521,20.16445412,3.628081543,18.90895914,2.364111026,68.50133605,38.84346361,29.65787244,71.38916569,0.991,19.10290625,19.7617375,49.02431991,414.74,21.27307017
"SQMA-25-5",0.448977787,0.082731961,49.48032447,18.47991036,3.323280332,20.58080808,1.848025712,68.13902969,39.8154563,28.32357338,62.78,1.012,14.49,20.6,50.51,369.35,22.42883379
"SQMB-25-3",0.387279114,0.233024699,51.64672184,18.07781734,2.938283604,19.58568738,2.393454317,73.52546917,42.1268758,31.39859337,73.57,0.972,19.88,21.8,47.39,423.05,21.9791417
"SQMB-25-4",0.457344068,0.109584467,50.39105237,18.32851929,3.3569187,19.00065746,2.32185763,70.24734982,40.60236917,29.64498066,70.04,0.93,15.33,18.32,53.19,394.96,21.32251509
"SQMC-25-1",0.537058286,0.310303526,54.94830687,17.80052553,2.668696615,19.0926276,2.138998682,67.92982456,41.0761062,26.85371836,69.19,1.006,17.01,20,52.36,469.92,21.23162628
"SQMC-25-2",0.505074056,0.245037263,47.99705426,21.13442264,3.867116653,20.31446541,2.813522013,70.76363636,38.61787122,32.14576515,73.65,0.745,20.72,20.6,47.17,438.55,23.12798742
"SQMC-25-4",0.507919949,0.185232999,47.29312635,18.69753794,2.633597952,20.3989704,2.682929683,69.97808619,40.12565017,29.85243603,74.58,0.54,19.64,20,48.31,368.74,23.08190008
"SQMC-25-5",0.446336154,0.295160928,54.15554544,20.14610027,2.600735021,18.66493843,2.61533023,66.80299932,39.08946527,27.71353405,71.85,0.976,17.73,20.12,50.76,411.63,21.28026866
"STHA-21-3",0.410346275,0.095617332,45.81206132,16.18629794,3.058507927,19.86386139,2.244880738,65.77275935,38.24855103,27.52420832,70.52,1.1,20.48,21.2,51.02,397.21,22.10874212
"STHA-21-4",0.491897037,0.279424151,50.77795402,19.99111398,3.579587289,17.1893848,2.689933107,70.95463778,39.85933144,31.09530634,74.48,1.053,20.48,22.04,49.26,412.28,19.87931791
"STHA-21-5",0.413156154,0.280953279,54.07385031,17.29425809,2.86523737,18.97233202,2.587465565,70.21572721,40.8885668,29.32716041,73.38,0.947,18.08,19.04,46.08,390.43,21.55979758
"STHB-21-2",0.477500888,0.117929851,50.01391995,20.08135297,3.114696702,15.96273292,2.666883117,68.10466761,38.64480991,29.4598577,70.86,0.949,18.44,18.08,47.17,394.33,18.62961604
"STHB-21-3",0.604051481,0.330577563,53.86038623,19.45832709,3.133760746,19.62102689,2.605328962,67.69533815,39.79437882,27.90095933,71.95,0.95,16.29,19.76,48.31,382.98,22.22635586
"STHB-21-4",0.582237576,0.690016994,61.66087377,18.47580942,2.471439596,17.38857502,2.050875992,70.81306463,40.20922143,30.6038432,67.69,1.031,12.69,20.48,50.51,406.18,19.43945101
"STHB-21-5",0.455795653,0.263392186,53.64135202,18.83221709,2.727585139,18.99224806,2.807464177,66.46433991,40.60711885,25.85722106,71.98,0.99,17.13,20.48,53.19,360.3,21.79971224
"TLKH-11-5",0.470860475,0.293145932,46.46166657,16.85624953,2.286749104,19.01315789,2.076465311,66.85323383,40.12006589,26.73316794,68.66,0.856,23.24,23.48,49.5,432.35,21.08962321
"TOBA-23-2",0.426490389,0.433056751,54.31990374,17.65112057,2.162141182,17.83887468,2.424465241,69.41266209,38.82725223,30.58540986,75.08,0.829,14.73,17.61,51.28,425.56,20.26333992
"TOBA-23-5",0.503096455,0.25799072,48.47060216,19.13438794,3.424284157,18.54870426,2.748230796,67.4862058,37.69191738,29.79428843,73.69813593,1.052,18.86333125,20.0013125,45.57724252,377.66,21.29693505
"TOBA-23-4",0.495934862,0.424127619,52.08616186,18.70817144,3.162406612,17.5210902,3.024423338,69.37799043,39.53361754,29.84437289,72.02,1,15.33,20.96,45.05,408.05,20.54551354
"TOBB-23-2",0.476993403,0.27563699,47.57899274,18.5965098,4.162483519,20.33898305,2.515497215,65.80278129,37.38796519,28.41481609,71.8,0.94,18.08,20.48,42.02,381.32,22.85448027
"TOBB-23-3",0.539254108,0.080717282,45.93537764,16.94281168,3.163318685,19.93650794,2.62989899,70.12578616,42.1109918,28.01479436,73.64,0.99,18.44,20,48.54,389.82,22.56640693
"TOBB-23-4",0.48660094,0.310354569,51.06103674,18.47842738,3.095061676,18.53785901,2.468282696,70.73825503,40.32326839,30.41498664,70.52,1.094,18.08,21.92,49.02,422.89,21.0061417
"TOBB-23-5",0.501383686,0.492994145,46.99564456,17.48223567,3.686470605,20.05060089,1.998332471,66.69014085,36.49746094,30.19267991,70.12,0.909,20.48,20.96,49.5,396.93,22.04893336
"VNDL-27-3",0.562888576,0.315199975,51.24445777,19.46245189,3.513961569,18.52340145,2.166027447,73.58616101,41.43105649,32.15510452,67.47,0.986,18.2,22.76,49.75,428.46,20.6894289
"VNDL-27-4",0.527346803,0.446802878,57.13341478,17.58051008,2.870847054,19.14473684,1.967793062,70.66142764,38.82162726,31.83980038,65.96,0.965,15.33,19.16,50.51,429.6,21.1125299
"VNDL-27-5",0.557732335,0.338203766,48.28268317,17.43964409,3.435166627,19.7109067,2.123880062,68.00254453,39.04006605,28.96247848,69.41,0.913,15.69,20.6,51.28,440.47,21.83478676
"WELC-27-1",0.504152657,0.507864894,53.63494895,18.04206837,3.301042113,18.30550402,2.513745994,71.53895686,41.47166405,30.06729281,73.07,0.777,17.85,16.77,48.31,450.67,20.81925001
"WELC-27-2",0.509374834,0.457724621,52.6499191,20.10412176,3.051313308,19.26605505,2.358096032,70.68027211,42.13332209,28.54695002,70.36,0.821,18.68,22.04,47.62,430.9,21.62415108
"WELC-27-3",0.512130035,1.043802716,54.70737492,19.79337624,3.415776073,18.22194199,2.768542932,72.16850829,41.2932339,30.87527439,70.2,0.867,19.04,18.2,47.85,411.71,20.99048492
"WELC-27-4",0.495908309,0.481057553,48.38216661,17.23125789,2.783330632,18.15245478,2.671041813,69.73684211,42.51818782,27.21865428,69.88,0.87,17.25,19.52,49.5,426.38,20.82349659
"WELC-27-5",0.513618019,0.208905227,50.07754324,18.21463217,3.053400649,18.41415465,2.435511736,69.0794097,40.15245174,28.92695795,69.93,1.168,17.96,17.96,44.64,433.47,20.84966639
"WHTE-28-1",0.549198771,0.389902732,50.95570266,18.30864794,3.609338943,20.02617801,2.597215612,67.84968685,37.61323757,30.23644928,73.11,0.747,17.25,19.52,47.17,381.93,22.62339362
"WHTE-28-3",0.556242583,0.374661067,46.55330106,18.21387503,2.855301954,18.76653868,2.594023445,67.64436603,37.13245361,30.51191242,74.22646896,0.83,17.964925,21.0794,48.3103062,386.07,21.36056212
"WHTE-28-4",0.558893499,0.141762478,45.80818257,19.24580258,2.834671161,20.03828973,2.835470209,70.24291498,38.60274038,31.6401746,72.3,0.903,22.64,24.91,46.08,415.88,22.87375994
"WHTE-28-5",0.482605055,0.338626373,56.77740574,19.52247102,3.532431082,19.25614877,2.27905328,70.18469657,41.03030855,29.15438802,69.64,0.974,18.44,21.32,48.08,395.63,21.53520205
"WLOW-15-5",0.63815034,0.502213319,52.55823207,18.74260196,2.766442551,17.81170483,2.398826047,70.10723861,41.43795332,28.66928529,70.35,0.82,16.53,19.28,59.17,441.12,20.21053088
"YALD-27-2",0.485521894,0.588724835,51.72685568,18.14871802,3.211051098,18.61074705,2.902746336,67.94612795,40.27703385,27.66909409,74.91,0.831,18.8,18.92,45.25,392.24,21.51349339
"YALD-27-3",0.550328071,0.472022068,48.64973986,18.91908181,3.525774975,20.64724919,2.998999706,73.61791463,41.22842902,32.3894856,72.61,0.888,17.96,18.2,44.25,377.46,23.6462489
"YALD-27-4",0.507881533,0.258959623,46.28460824,17.78763849,3.749085922,20.16861219,2.541091852,66.29526462,37.56894937,28.72631526,68.35,0.866,18.08,19.88,43.86,358.41,22.70970404
"YALE-27-2",0.517453325,0.337492879,53.17015672,17.55719941,2.809826669,19.97421352,2.530793024,69.15518761,40.42377132,28.73141629,69.74942542,1.0625,17.06651875,18.98311875,50.64881777,449.3,22.50500655
"YALE-27-3",0.600544779,0.521607486,52.33776187,17.20428409,3.05720751,19.57605985,1.771537066,66.8190725,36.13506404,30.68400846,67.42,0.927,19.88,20.12,45.66,452.08,21.34759692
"YALE-27-4",0.537607836,0.051783892,48.45084878,18.96026594,2.822187671,19.03204709,2.384921815,68.15847395,38.89444877,29.26402519,67.87,0.916,19.52,20.24,50,420.73,21.4169689
